{
  "overall": {
    "accuracy": 0.486,
    "precision": 0.5667236355833142,
    "recall": 0.486,
    "f1_score": 0.5092824627084485,
    "adjusted_accuracy": 0.902,
    "adjusted_precision": 0.9509692140098878,
    "adjusted_recall": 0.902,
    "adjusted_f1": 0.9214080533495403,
    "mae": 0.6268,
    "mse": 0.882,
    "quadratic_kappa": 0.2986398511500653
  },
  "by_class": {
    "1.0": {
      "precision": 0.6,
      "recall": 0.03488372093023256,
      "f1-score": 0.06593406593406594,
      "support": 86.0
    },
    "2.0": {
      "precision": 0.5187424425634825,
      "recall": 0.5125448028673835,
      "f1-score": 0.515625,
      "support": 837.0
    },
    "3.0": {
      "precision": 0.649090909090909,
      "recall": 0.5125628140703518,
      "f1-score": 0.5728038507821901,
      "support": 1393.0
    },
    "4.0": {
      "precision": 0.15023474178403756,
      "recall": 0.3615819209039548,
      "f1-score": 0.21227197346600332,
      "support": 177.0
    },
    "5.0": {
      "precision": 0.035211267605633804,
      "recall": 0.7142857142857143,
      "f1-score": 0.06711409395973154,
      "support": 7.0
    },
    "accuracy": 0.486,
    "macro avg": {
      "precision": 0.39065587220881254,
      "recall": 0.4271717946115274,
      "f1-score": 0.2867497968283982,
      "support": 2500.0
    },
    "weighted avg": {
      "precision": 0.5667236355833142,
      "recall": 0.486,
      "f1-score": 0.5092824627084485,
      "support": 2500.0
    }
  }
}