{
  "overall": {
    "accuracy": 0.5848,
    "precision": 0.5895240226136068,
    "recall": 0.5848,
    "f1_score": 0.5801993540217851,
    "adjusted_accuracy": 0.964,
    "adjusted_precision": 0.9772166683105237,
    "adjusted_recall": 0.964,
    "adjusted_f1": 0.9693066947329466,
    "mae": 0.4568,
    "mse": 0.5512,
    "quadratic_kappa": 0.4008212140944939
  },
  "by_class": {
    "1.0": {
      "precision": 0.42857142857142855,
      "recall": 0.03488372093023256,
      "f1-score": 0.06451612903225806,
      "support": 86.0
    },
    "2.0": {
      "precision": 0.5656697009102731,
      "recall": 0.5197132616487455,
      "f1-score": 0.5417185554171855,
      "support": 837.0
    },
    "3.0": {
      "precision": 0.6573948439620081,
      "recall": 0.6956209619526202,
      "f1-score": 0.6759679107080572,
      "support": 1393.0
    },
    "4.0": {
      "precision": 0.2670157068062827,
      "recall": 0.288135593220339,
      "f1-score": 0.27717391304347827,
      "support": 177.0
    },
    "5.0": {
      "precision": 0.06779661016949153,
      "recall": 0.5714285714285714,
      "f1-score": 0.12121212121212122,
      "support": 7.0
    },
    "accuracy": 0.5848,
    "macro avg": {
      "precision": 0.3972896580838968,
      "recall": 0.4219564218361018,
      "f1-score": 0.33611772588262,
      "support": 2500.0
    },
    "weighted avg": {
      "precision": 0.5895240226136068,
      "recall": 0.5848,
      "f1-score": 0.5801993540217851,
      "support": 2500.0
    }
  }
}