{
  "overall": {
    "accuracy": 0.5532,
    "precision": 0.6364463639662771,
    "recall": 0.5532,
    "f1_score": 0.5643732115298273,
    "adjusted_accuracy": 0.922,
    "adjusted_precision": 0.9633680383607801,
    "adjusted_recall": 0.922,
    "adjusted_f1": 0.9373247965516198,
    "mae": 0.536,
    "mse": 0.7368,
    "quadratic_kappa": 0.3668244037012104
  },
  "by_class": {
    "1.0": {
      "precision": 1.0,
      "recall": 0.011627906976744186,
      "f1-score": 0.022988505747126436,
      "support": 86.0
    },
    "2.0": {
      "precision": 0.6679245283018868,
      "recall": 0.4229390681003584,
      "f1-score": 0.5179224579370885,
      "support": 837.0
    },
    "3.0": {
      "precision": 0.6525364836692147,
      "recall": 0.6740847092605886,
      "f1-score": 0.663135593220339,
      "support": 1393.0
    },
    "4.0": {
      "precision": 0.2079207920792079,
      "recall": 0.4745762711864407,
      "f1-score": 0.2891566265060241,
      "support": 177.0
    },
    "5.0": {
      "precision": 0.03968253968253968,
      "recall": 0.7142857142857143,
      "f1-score": 0.07518796992481203,
      "support": 7.0
    },
    "accuracy": 0.5532,
    "macro avg": {
      "precision": 0.5136128687465698,
      "recall": 0.4595027339619692,
      "f1-score": 0.31367823066707806,
      "support": 2500.0
    },
    "weighted avg": {
      "precision": 0.6364463639662771,
      "recall": 0.5532,
      "f1-score": 0.5643732115298273,
      "support": 2500.0
    }
  }
}