{
  "overall": {
    "accuracy": 0.4988,
    "precision": 0.6116223908768456,
    "recall": 0.4988,
    "f1_score": 0.523839591840657,
    "adjusted_accuracy": 0.8888,
    "adjusted_precision": 0.953684753438221,
    "adjusted_recall": 0.8888,
    "adjusted_f1": 0.9116828641466737,
    "mae": 0.6304,
    "mse": 0.9264,
    "quadratic_kappa": 0.31043254815538923
  },
  "by_class": {
    "1.0": {
      "precision": 0.5,
      "recall": 0.011627906976744186,
      "f1-score": 0.022727272727272728,
      "support": 86.0
    },
    "2.0": {
      "precision": 0.6769911504424779,
      "recall": 0.3655913978494624,
      "f1-score": 0.4747866563227308,
      "support": 837.0
    },
    "3.0": {
      "precision": 0.6388467374810318,
      "recall": 0.6044508255563532,
      "f1-score": 0.6211729988933973,
      "support": 1393.0
    },
    "4.0": {
      "precision": 0.16548042704626334,
      "recall": 0.5254237288135594,
      "f1-score": 0.2516914749661705,
      "support": 177.0
    },
    "5.0": {
      "precision": 0.030120481927710843,
      "recall": 0.7142857142857143,
      "f1-score": 0.057803468208092484,
      "support": 7.0
    },
    "accuracy": 0.4988,
    "macro avg": {
      "precision": 0.4022877593794968,
      "recall": 0.4442759146963667,
      "f1-score": 0.2856363742235328,
      "support": 2500.0
    },
    "weighted avg": {
      "precision": 0.6116223908768456,
      "recall": 0.4988,
      "f1-score": 0.523839591840657,
      "support": 2500.0
    }
  }
}