{
  "overall": {
    "accuracy": 0.566,
    "precision": 0.6377718494209463,
    "recall": 0.566,
    "f1_score": 0.5786089315616268,
    "adjusted_accuracy": 0.9564,
    "adjusted_precision": 0.9679252936610608,
    "adjusted_recall": 0.9564,
    "adjusted_f1": 0.9593395733899968,
    "mae": 0.4796,
    "mse": 0.5748,
    "quadratic_kappa": 0.4725431743783277
  },
  "by_class": {
    "1.0": {
      "precision": 0.6666666666666666,
      "recall": 0.046511627906976744,
      "f1-score": 0.08695652173913043,
      "support": 86.0
    },
    "2.0": {
      "precision": 0.5937149270482603,
      "recall": 0.6320191158900836,
      "f1-score": 0.6122685185185185,
      "support": 837.0
    },
    "3.0": {
      "precision": 0.7173708920187793,
      "recall": 0.548456568557071,
      "f1-score": 0.6216436126932465,
      "support": 1393.0
    },
    "4.0": {
      "precision": 0.2261904761904762,
      "recall": 0.6440677966101694,
      "f1-score": 0.33480176211453744,
      "support": 177.0
    },
    "5.0": {
      "precision": 0.11764705882352941,
      "recall": 0.5714285714285714,
      "f1-score": 0.1951219512195122,
      "support": 7.0
    },
    "accuracy": 0.566,
    "macro avg": {
      "precision": 0.4643180041495424,
      "recall": 0.4884967360785744,
      "f1-score": 0.37015847325698903,
      "support": 2500.0
    },
    "weighted avg": {
      "precision": 0.6377718494209463,
      "recall": 0.566,
      "f1-score": 0.5786089315616268,
      "support": 2500.0
    }
  }
}