{
  "overall": {
    "accuracy": 0.4172,
    "precision": 0.5540308291028618,
    "recall": 0.4172,
    "f1_score": 0.4214614602283862,
    "adjusted_accuracy": 0.882,
    "adjusted_precision": 0.9471513342295009,
    "adjusted_recall": 0.882,
    "adjusted_f1": 0.9119957692487527,
    "mae": 0.7208,
    "mse": 1.04,
    "quadratic_kappa": 0.2621665333269161
  },
  "by_class": {
    "1.0": {
      "precision": 1.0,
      "recall": 0.03488372093023256,
      "f1-score": 0.06741573033707865,
      "support": 86.0
    },
    "2.0": {
      "precision": 0.41974378296910325,
      "recall": 0.6654719235364397,
      "f1-score": 0.5147874306839186,
      "support": 837.0
    },
    "3.0": {
      "precision": 0.6562009419152276,
      "recall": 0.30007178750897345,
      "f1-score": 0.41182266009852214,
      "support": 1393.0
    },
    "4.0": {
      "precision": 0.1892744479495268,
      "recall": 0.3389830508474576,
      "f1-score": 0.242914979757085,
      "support": 177.0
    },
    "5.0": {
      "precision": 0.023148148148148147,
      "recall": 0.7142857142857143,
      "f1-score": 0.04484304932735426,
      "support": 7.0
    },
    "accuracy": 0.4172,
    "macro avg": {
      "precision": 0.45767346419640126,
      "recall": 0.41073923942176355,
      "f1-score": 0.2563567700407917,
      "support": 2500.0
    },
    "weighted avg": {
      "precision": 0.5540308291028618,
      "recall": 0.4172,
      "f1-score": 0.4214614602283862,
      "support": 2500.0
    }
  }
}