{
  "overall": {
    "accuracy": 0.5464535464535465,
    "precision": 0.6321125921748891,
    "recall": 0.5464535464535465,
    "f1_score": 0.5595303248810238,
    "adjusted_accuracy": 0.9150849150849151,
    "adjusted_precision": 0.9607591674371493,
    "adjusted_recall": 0.9150849150849151,
    "adjusted_f1": 0.9315849255328714
  },
  "by_class": {
    "1.0": {
      "accuracy": 0.02564102564102564,
      "precision": 