{
  "overall": {
    "accuracy": 0.4232,
    "precision": 0.5501484080648762,
    "recall": 0.4232,
    "f1_score": 0.45490490343877626,
    "adjusted_accuracy": 0.8868,
    "adjusted_precision": 0.9453346471557031,
    "adjusted_recall": 0.8868,
    "adjusted_f1": 0.9067027439536564,
    "mae": 0.7048,
    "mse": 0.9912,
    "quadratic_kappa": 0.27511710456848226
  },
  "by_class": {
    "1.0": {
      "precision": 0.6,
      "recall": 0.03488372093023256,
      "f1-score": 0.06593406593406594,
      "support": 86.0
    },
    "2.0": {
      "precision": 0.5,
      "recall": 0.44802867383512546,
      "f1-score": 0.4725897920604915,
      "support": 837.0
    },
    "3.0": {
      "precision": 0.6322722283205269,
      "recall": 0.4134960516870065,
      "f1-score": 0.5,
      "support": 1393.0
    },
    "4.0": {
      "precision": 0.136986301369863,
      "recall": 0.5649717514124294,
      "f1-score": 0.2205071664829107,
      "support": 177.0
    },
    "5.0": {
      "precision": 0.038461538461538464,
      "recall": 0.5714285714285714,
      "f1-score": 0.07207207207207207,
      "support": 7.0
    },
    "accuracy": 0.4232,
    "macro avg": {
      "precision": 0.3815440136303857,
      "recall": 0.40656175385867305,
      "f1-score": 0.26622061930990804,
      "support": 2500.0
    },
    "weighted avg": {
      "precision": 0.5501484080648762,
      "recall": 0.4232,
      "f1-score": 0.45490490343877626,
      "support": 2500.0
    }
  }
}