{
  "overall": {
    "accuracy": 0.5652,
    "precision": 0.5885513204805667,
    "recall": 0.5652,
    "f1_score": 0.566294737025441,
    "adjusted_accuracy": 0.946,
    "adjusted_precision": 0.969380443188981,
    "adjusted_recall": 0.946,
    "adjusted_f1": 0.9549881544359572,
    "mae": 0.4976,
    "mse": 0.6408,
    "quadratic_kappa": 0.35953611544661357
  },
  "by_class": {
    "1.0": {
      "precision": 0.5,
      "recall": 0.023255813953488372,
      "f1-score": 0.044444444444444446,
      "support": 86.0
    },
    "2.0": {
      "precision": 0.577259475218659,
      "recall": 0.4731182795698925,
      "f1-score": 0.5200262639527249,
      "support": 837.0
    },
    "3.0": {
      "precision": 0.6507828454731109,
      "recall": 0.6862885857860732,
      "f1-score": 0.6680642907058001,
      "support": 1393.0
    },
    "4.0": {
      "precision": 0.21705426356589147,
      "recall": 0.3163841807909605,
      "f1-score": 0.2574712643678161,
      "support": 177.0
    },
    "5.0": {
      "precision": 0.03614457831325301,
      "recall": 0.42857142857142855,
      "f1-score": 0.06666666666666667,
      "support": 7.0
    },
    "accuracy": 0.5652,
    "macro avg": {
      "precision": 0.39624823251418284,
      "recall": 0.38552365773436864,
      "f1-score": 0.3113345860274904,
      "support": 2500.0
    },
    "weighted avg": {
      "precision": 0.5885513204805667,
      "recall": 0.5652,
      "f1-score": 0.566294737025441,
      "support": 2500.0
    }
  }
}