{
  "overall": {
    "accuracy": 0.5532,
    "precision": 0.6364463639662771,
    "recall": 0.5532,
    "f1_score": 0.5643732115298273,
    "adjusted_accuracy": 0.922,
    "adjusted_precision": 0.9633680383607801,
    "adjusted_recall": 0.922,
    "adjusted_f1": 0.9373247965516198,
    "mae": 0.536,
    "mse": 0.7368,
    "quadratic_kappa": 0.3668244037012104
  }
}