{
  "overall": {
    "accuracy": 0.5484,
    "precision": 0.6093943301772705,
    "recall": 0.5484,
    "f1_score": 0.5658265016426206,
    "adjusted_accuracy": 0.9412,
    "adjusted_precision": 0.9677732132790335,
    "adjusted_recall": 0.9412,
    "adjusted_f1": 0.9509698422252845,
    "mae": 0.5196,
    "mse": 0.674,
    "quadratic_kappa": 0.415308655958036
  },
  "by_class": {
    "1.0": {
      "precision": 0.2857142857142857,
      "recall": 0.023255813953488372,
      "f1-score": 0.043010752688172046,
      "support": 86.0
    },
    "2.0": {
      "precision": 0.6007556675062973,
      "recall": 0.5698924731182796,
      "f1-score": 0.5849172286940527,
      "support": 837.0
    },
    "3.0": {
      "precision": 0.6889661164205039,
      "recall": 0.5692749461593682,
      "f1-score": 0.6234276729559748,
      "support": 1393.0
    },
    "4.0": {
      "precision": 0.20342612419700215,
      "recall": 0.536723163841808,
      "f1-score": 0.2950310559006211,
      "support": 177.0
    },
    "5.0": {
      "precision": 0.04938271604938271,
      "recall": 0.5714285714285714,
      "f1-score": 0.09090909090909091,
      "support": 7.0
    },
    "accuracy": 0.5484,
    "macro avg": {
      "precision": 0.36564898197749435,
      "recall": 0.45411499370030306,
      "f1-score": 0.32745916022958227,
      "support": 2500.0
    },
    "weighted avg": {
      "precision": 0.6093943301772705,
      "recall": 0.5484,
      "f1-score": 0.5658265016426206,
      "support": 2500.0
    }
  }
}