{
  "overall": {
    "accuracy": 0.5892,
    "precision": 0.6002275863689808,
    "recall": 0.5892,
    "f1_score": 0.5923126031254399,
    "adjusted_accuracy": 0.9776,
    "adjusted_precision": 0.978701932573626,
    "adjusted_recall": 0.9776,
    "adjusted_f1": 0.9780449047711965,
    "mae": 0.4332,
    "mse": 0.478,
    "quadratic_kappa": 0.48171112529839555
  },
  "by_class": {
    "1.0": {
      "precision": 0.32786885245901637,
      "recall": 0.23255813953488372,
      "f1-score": 0.272108843537415,
      "support": 86.0
    },
    "2.0": {
      "precision": 0.5339702760084926,
      "recall": 0.6009557945041816,
      "f1-score": 0.5654862282181,
      "support": 837.0
    },
    "3.0": {
      "precision": 0.6921241050119332,
      "recall": 0.624551328068916,
      "f1-score": 0.6566037735849056,
      "support": 1393.0
    },
    "4.0": {
      "precision": 0.341991341991342,
      "recall": 0.4463276836158192,
      "f1-score": 0.3872549019607843,
      "support": 177.0
    },
    "5.0": {
      "precision": 0.1111111111111111,
      "recall": 0.14285714285714285,
      "f1-score": 0.125,
      "support": 7.0
    },
    "accuracy": 0.5892,
    "macro avg": {
      "precision": 0.40141313731637907,
      "recall": 0.4094500177161887,
      "f1-score": 0.401290749460241,
      "support": 2500.0
    },
    "weighted avg": {
      "precision": 0.6002275863689808,
      "recall": 0.5892,
      "f1-score": 0.5923126031254399,
      "support": 2500.0
    }
  }
}