{
  "overall": {
    "accuracy": 0.6116,
    "precision": 0.631707718466998,
    "recall": 0.6116,
    "f1_score": 0.6028378317297577,
    "adjusted_accuracy": 0.9668,
    "adjusted_precision": 0.9743904147271283,
    "adjusted_recall": 0.9668,
    "adjusted_f1": 0.9683260884190203,
    "mae": 0.4252,
    "mse": 0.506,
    "quadratic_kappa": 0.4466518103978018
  },
  "by_class": {
    "1.0": {
      "precision": 0.5,
      "recall": 0.023255813953488372,
      "f1-score": 0.044444444444444446,
      "support": 86.0
    },
    "2.0": {
      "precision": 0.6696428571428571,
      "recall": 0.44802867383512546,
      "f1-score": 0.5368647100930566,
      "support": 837.0
    },
    "3.0": {
      "precision": 0.6643835616438356,
      "recall": 0.7659727207465901,
      "f1-score": 0.7115705235078359,
      "support": 1393.0
    },
    "4.0": {
      "precision": 0.28027681660899656,
      "recall": 0.4576271186440678,
      "f1-score": 0.34763948497854075,
      "support": 177.0
    },
    "5.0": {
      "precision": 0.0975609756097561,
      "recall": 0.5714285714285714,
      "f1-score": 0.16666666666666666,
      "support": 7.0
    },
    "accuracy": 0.6116,
    "macro avg": {
      "precision": 0.4423728422010891,
      "recall": 0.4532625797215687,
      "f1-score": 0.3614371659381089,
      "support": 2500.0
    },
    "weighted avg": {
      "precision": 0.631707718466998,
      "recall": 0.6116,
      "f1-score": 0.6028378317297577,
      "support": 2500.0
    }
  }
}