{
  "overall": {
    "accuracy": 0.5632,
    "precision": 0.5877722007140352,
    "recall": 0.5632,
    "f1_score": 0.5580265927387948,
    "adjusted_accuracy": 0.962,
    "adjusted_precision": 0.9663384625202515,
    "adjusted_recall": 0.962,
    "adjusted_f1": 0.9629806203915651,
    "mae": 0.4776,
    "mse": 0.5648,
    "quadratic_kappa": 0.348016566658934
  },
  "by_class": {
    "1.0": {
      "precision": 1.0,
      "recall": 0.011627906976744186,
      "f1-score": 0.022988505747126436,
      "support": 86.0
    },
    "2.0": {
      "precision": 0.49730312837108953,
      "recall": 0.5507765830346476,
      "f1-score": 0.5226757369614512,
      "support": 837.0
    },
    "3.0": {
      "precision": 0.6604892512972572,
      "recall": 0.6396267049533381,
      "f1-score": 0.649890590809628,
      "support": 1393.0
    },
    "4.0": {
      "precision": 0.2613065326633166,
      "recall": 0.2937853107344633,
      "f1-score": 0.2765957446808511,
      "support": 177.0
    },
    "5.0": {
      "precision": 0.125,
      "recall": 0.42857142857142855,
      "f1-score": 0.1935483870967742,
      "support": 7.0
    },
    "accuracy": 0.5632,
    "macro avg": {
      "precision": 0.5088197824663327,
      "recall": 0.3848775868541244,
      "f1-score": 0.3331397930591662,
      "support": 2500.0
    },
    "weighted avg": {
      "precision": 0.5877722007140352,
      "recall": 0.5632,
      "f1-score": 0.5580265927387948,
      "support": 2500.0
    }
  }
}