{
  "overall": {
    "accuracy": 0.6493955094991365,
    "precision": 0.6573938868471474,
    "recall": 0.6493955094991365,
    "f1_score": 0.6389533439167551,
    "adjusted_accuracy": 0.9291882556131261,
    "adjusted_precision": 0.934165616036238,
    "adjusted_recall": 0.9291882556131261,
    "adjusted_f1": 0.9291862507923122,
    "mae": 0.4231433506044905,
    "mse": 0.5716753022452504,
    "quadratic_kappa": 0.6210066069581691,
    "overtriage_count": 126,
    "undertriage_count": 77,
    "overtriage_rate": 0.21761658031088082,
    "undertriage_rate": 0.13298791018998274,
    "outside_by_2_count": 41,
    "outside_by_2_rate": 0.07081174438687392
  },
  "by_class": {
    "1": {
      "precision": 0.3684210526315789,
      "recall": 0.5833333333333334,
      "f1-score": 0.45161290322580644,
      "support": 12.0
    },
    "2": {
      "precision": 0.6829268292682927,
      "recall": 0.3783783783783784,
      "f1-score": 0.48695652173913045,
      "support": 148.0
    },
    "3": {
      "precision": 0.6439393939393939,
      "recall": 0.783410138248848,
      "f1-score": 0.7068607068607069,
      "support": 217.0
    },
    "4": {
      "precision": 0.6927083333333334,
      "recall": 0.726775956284153,
      "f1-score": 0.7093333333333334,
      "support": 183.0
    },
    "5": {
      "precision": 0.45454545454545453,
      "recall": 0.5263157894736842,
      "f1-score": 0.4878048780487805,
      "support": 19.0
    },
    "accuracy": 0.6493955094991365,
    "macro avg": {
      "precision": 0.5685082127436107,
      "recall": 0.5996427191436794,
      "f1-score": 0.5685136686415515,
      "support": 579.0
    },
    "weighted avg": {
      "precision": 0.6573938868471474,
      "recall": 0.6493955094991365,
      "f1-score": 0.6389533439167551,
      "support": 579.0
    }
  }
}