{
  "overall": {
    "accuracy": 0.614853195164076,
    "precision": 0.656115096112555,
    "recall": 0.614853195164076,
    "f1_score": 0.5885341029992367,
    "adjusted_accuracy": 0.92573402417962,
    "adjusted_precision": 0.9311136956365018,
    "adjusted_recall": 0.92573402417962,
    "adjusted_f1": 0.9249215506512986,
    "mae": 0.4680483592400691,
    "mse": 0.6511226252158895,
    "quadratic_kappa": 0.565750287964
  },
  "by_class": {
    "1": {
      "precision": 0.4,
      "recall": 0.5,
      "f1-score": 0.4444444444444444,
      "support": 12.0
    },
    "2": {
      "precision": 0.7619047619047619,
      "recall": 0.21621621621621623,
      "f1-score": 0.3368421052631579,
      "support": 148.0
    },
    "3": {
      "precision": 0.5898305084745763,
      "recall": 0.8018433179723502,
      "f1-score": 0.6796875,
      "support": 217.0
    },
    "4": {
      "precision": 0.7021276595744681,
      "recall": 0.7213114754098361,
      "f1-score": 0.7115902964959568,
      "support": 183.0
    },
    "5": {
      "precision": 0.3076923076923077,
      "recall": 0.631578947368421,
      "f1-score": 0.41379310344827586,
      "support": 19.0
    },
    "accuracy": 0.614853195164076,
    "macro avg": {
      "precision": 0.5523110475292228,
      "recall": 0.5741899913933647,
      "f1-score": 0.517271489930367,
      "support": 579.0
    },
    "weighted avg": {
      "precision": 0.656115096112555,
      "recall": 0.614853195164076,
      "f1-score": 0.5885341029992367,
      "support": 579.0
    }
  }
}