{
  "overall": {
    "accuracy": 0.5613126079447323,
    "precision": 0.5620204141351767,
    "recall": 0.5613126079447323,
    "f1_score": 0.5591543467465355,
    "adjusted_accuracy": 0.9550949913644214,
    "adjusted_precision": 0.9548223850871307,
    "adjusted_recall": 0.9550949913644214,
    "adjusted_f1": 0.9548760832792118,
    "mae": 0.4835924006908463,
    "mse": 0.5734024179620034,
    "quadratic_kappa": 0.6241788663663663
  },
  "by_class": {
    "1": {
      "precision": 0.4,
      "recall": 0.6666666666666666,
      "f1-score": 0.5,
      "support": 12.0
    },
    "2": {
      "precision": 0.5476190476190477,
      "recall": 0.46621621621621623,
      "f1-score": 0.5036496350364964,
      "support": 148.0
    },
    "3": {
      "precision": 0.525,
      "recall": 0.5806451612903226,
      "f1-score": 0.5514223194748359,
      "support": 217.0
    },
    "4": {
      "precision": 0.6519337016574586,
      "recall": 0.644808743169399,
      "f1-score": 0.6483516483516484,
      "support": 183.0
    },
    "5": {
      "precision": 0.3333333333333333,
      "recall": 0.21052631578947367,
      "f1-score": 0.25806451612903225,
      "support": 19.0
    },
    "accuracy": 0.5613126079447323,
    "macro avg": {
      "precision": 0.49157721652196795,
      "recall": 0.5137726206264155,
      "f1-score": 0.4922976237984026,
      "support": 579.0
    },
    "weighted avg": {
      "precision": 0.5620204141351767,
      "recall": 0.5613126079447323,
      "f1-score": 0.5591543467465355,
      "support": 579.0
    }
  }
}