{
  "overall": {
    "accuracy": 0.3298791018998273,
    "precision": 0.31228373178195923,
    "recall": 0.3298791018998273,
    "f1_score": 0.2605722812103006,
    "adjusted_accuracy": 0.8635578583765112,
    "adjusted_precision": 0.8832116659259983,
    "adjusted_recall": 0.8635578583765112,
    "adjusted_f1": 0.8531444782160913,
    "mae": 0.8238341968911918,
    "mse": 1.1692573402417963,
    "quadratic_kappa": 0.07352555360430724
  },
  "by_class": {
    "0": {
      "precision": 0.0,
      "recall": 0.0,
      "f1-score": 0.0,
      "support": 0.0
    },
    "1": {
      "precision": 0.0,
      "recall": 0.0,
      "f1-score": 0.0,
      "support": 12.0
    },
    "2": {
      "precision": 0.2719298245614035,
      "recall": 0.20945945945945946,
      "f1-score": 0.2366412213740458,
      "support": 148.0
    },
    "3": {
      "precision": 0.36666666666666664,
      "recall": 0.7096774193548387,
      "f1-score": 0.4835164835164835,
      "support": 217.0
    },
    "4": {
      "precision": 0.3333333333333333,
      "recall": 0.03278688524590164,
      "f1-score": 0.05970149253731343,
      "support": 183.0
    },
    "5": {
      "precision": 0.0,
      "recall": 0.0,
      "f1-score": 0.0,
      "support": 19.0
    },
    "accuracy": 0.3298791018998273,
    "macro avg": {
      "precision": 0.16198830409356724,
      "recall": 0.15865396067669998,
      "f1-score": 0.12997653290464045,
      "support": 579.0
    },
    "weighted avg": {
      "precision": 0.31228373178195923,
      "recall": 0.3298791018998273,
      "f1-score": 0.2605722812103006,
      "support": 579.0
    }
  }
}