{
  "overall": {
    "accuracy": 0.6044905008635578,
    "precision": 0.611251496987553,
    "recall": 0.6044905008635578,
    "f1_score": 0.6058784792376626,
    "adjusted_accuracy": 0.9568221070811744,
    "adjusted_precision": 0.9556991556403346,
    "adjusted_recall": 0.9568221070811744,
    "adjusted_f1": 0.9552502419859933,
    "mae": 0.4421416234887737,
    "mse": 0.542314335060449,
    "quadratic_kappa": 0.6445672191528544
  },
  "by_class": {
    "1": {
      "precision": 0.3888888888888889,
      "recall": 0.5833333333333334,
      "f1-score": 0.4666666666666667,
      "support": 12.0
    },
    "2": {
      "precision": 0.6666666666666666,
      "recall": 0.6081081081081081,
      "f1-score": 0.6360424028268551,
      "support": 148.0
    },
    "3": {
      "precision": 0.5454545454545454,
      "recall": 0.6082949308755761,
      "f1-score": 0.5751633986928104,
      "support": 217.0
    },
    "4": {
      "precision": 0.6705882352941176,
      "recall": 0.6229508196721312,
      "f1-score": 0.6458923512747875,
      "support": 183.0
    },
    "5": {
      "precision": 0.5,
      "recall": 0.3684210526315789,
      "f1-score": 0.42424242424242425,
      "support": 19.0
    },
    "accuracy": 0.6044905008635578,
    "macro avg": {
      "precision": 0.5543196672608437,
      "recall": 0.5582216489241455,
      "f1-score": 0.5496014487407088,
      "support": 579.0
    },
    "weighted avg": {
      "precision": 0.611251496987553,
      "recall": 0.6044905008635578,
      "f1-score": 0.6058784792376626,
      "support": 579.0
    }
  }
}