{
  "overall": {
    "accuracy": 0.6027633851468048,
    "precision": 0.6040958344426758,
    "recall": 0.6027633851468048,
    "f1_score": 0.6032164549378894,
    "adjusted_accuracy": 0.9602763385146805,
    "adjusted_precision": 0.9606397282980376,
    "adjusted_recall": 0.9602763385146805,
    "adjusted_f1": 0.9602794697786061,
    "mae": 0.4386873920552677,
    "mse": 0.5250431778929189,
    "quadratic_kappa": 0.6574137870630963
  },
  "by_class": {
    "1": {
      "precision": 0.7,
      "recall": 0.5833333333333334,
      "f1-score": 0.6363636363636364,
      "support": 12.0
    },
    "2": {
      "precision": 0.6027397260273972,
      "recall": 0.5945945945945946,
      "f1-score": 0.5986394557823129,
      "support": 148.0
    },
    "3": {
      "precision": 0.5644444444444444,
      "recall": 0.5852534562211982,
      "f1-score": 0.5746606334841629,
      "support": 217.0
    },
    "4": {
      "precision": 0.6703910614525139,
      "recall": 0.6557377049180327,
      "f1-score": 0.6629834254143646,
      "support": 183.0
    },
    "5": {
      "precision": 0.3684210526315789,
      "recall": 0.3684210526315789,
      "f1-score": 0.3684210526315789,
      "support": 19.0
    },
    "accuracy": 0.6027633851468048,
    "macro avg": {
      "precision": 0.5811992569111869,
      "recall": 0.5574680283397475,
      "f1-score": 0.5682136407352111,
      "support": 579.0
    },
    "weighted avg": {
      "precision": 0.6040958344426758,
      "recall": 0.6027633851468048,
      "f1-score": 0.6032164549378894,
      "support": 579.0
    }
  }
}