{
  "overall": {
    "accuracy": 0.5181347150259067,
    "precision": 0.5219457108059482,
    "recall": 0.5181347150259067,
    "f1_score": 0.5162848683438302,
    "adjusted_accuracy": 0.9533678756476683,
    "adjusted_precision": 0.9540299755639184,
    "adjusted_recall": 0.9533678756476683,
    "adjusted_f1": 0.9533547726503939,
    "mae": 0.531951640759931,
    "mse": 0.6390328151986183,
    "quadratic_kappa": 0.6032601448953288
  },
  "by_class": {
    "1": {
      "precision": 0.3684210526315789,
      "recall": 0.5833333333333334,
      "f1-score": 0.45161290322580644,
      "support": 12.0
    },
    "2": {
      "precision": 0.5163043478260869,
      "recall": 0.6418918918918919,
      "f1-score": 0.572289156626506,
      "support": 148.0
    },
    "3": {
      "precision": 0.4782608695652174,
      "recall": 0.45622119815668205,
      "f1-score": 0.4669811320754717,
      "support": 217.0
    },
    "4": {
      "precision": 0.6129032258064516,
      "recall": 0.5191256830601093,
      "f1-score": 0.5621301775147929,
      "support": 183.0
    },
    "5": {
      "precision": 0.2857142857142857,
      "recall": 0.21052631578947367,
      "f1-score": 0.24242424242424243,
      "support": 19.0
    },
    "accuracy": 0.5181347150259067,
    "macro avg": {
      "precision": 0.4523207563087241,
      "recall": 0.4822196844462979,
      "f1-score": 0.4590875223733638,
      "support": 579.0
    },
    "weighted avg": {
      "precision": 0.5219457108059482,
      "recall": 0.5181347150259067,
      "f1-score": 0.5162848683438302,
      "support": 579.0
    }
  }
}