{
  "overall": {
    "accuracy": 0.5215889464594128,
    "precision": 0.5320307771967663,
    "recall": 0.5215889464594128,
    "f1_score": 0.5156451711727675,
    "adjusted_accuracy": 0.9447322970639033,
    "adjusted_precision": 0.9464563255820755,
    "adjusted_recall": 0.9447322970639033,
    "adjusted_f1": 0.943832864480178,
    "mae": 0.5354058721934369,
    "mse": 0.6528497409326425,
    "quadratic_kappa": 0.606017511772923
  },
  "by_class": {
    "1": {
      "precision": 0.2916666666666667,
      "recall": 0.5833333333333334,
      "f1-score": 0.3888888888888889,
      "support": 12.0
    },
    "2": {
      "precision": 0.5164319248826291,
      "recall": 0.7432432432432432,
      "f1-score": 0.6094182825484764,
      "support": 148.0
    },
    "3": {
      "precision": 0.4845360824742268,
      "recall": 0.43317972350230416,
      "f1-score": 0.45742092457420924,
      "support": 217.0
    },
    "4": {
      "precision": 0.6304347826086957,
      "recall": 0.47540983606557374,
      "f1-score": 0.5420560747663551,
      "support": 183.0
    },
    "5": {
      "precision": 0.4,
      "recall": 0.21052631578947367,
      "f1-score": 0.27586206896551724,
      "support": 19.0
    },
    "accuracy": 0.5215889464594128,
    "macro avg": {
      "precision": 0.4646138913264436,
      "recall": 0.4891384903867856,
      "f1-score": 0.45472924794868935,
      "support": 579.0
    },
    "weighted avg": {
      "precision": 0.5320307771967663,
      "recall": 0.5215889464594128,
      "f1-score": 0.5156451711727675,
      "support": 579.0
    }
  }
}