{
  "overall": {
    "accuracy": 0.5837651122625216,
    "precision": 0.589009082402075,
    "recall": 0.5837651122625216,
    "f1_score": 0.584469330495792,
    "adjusted_accuracy": 0.9550949913644214,
    "adjusted_precision": 0.9549537801566476,
    "adjusted_recall": 0.9550949913644214,
    "adjusted_f1": 0.9547321348150308,
    "mae": 0.46113989637305697,
    "mse": 0.5509499136442142,
    "quadratic_kappa": 0.6382901222600184
  },
  "by_class": {
    "1": {
      "precision": 0.5,
      "recall": 0.5833333333333334,
      "f1-score": 0.5384615384615384,
      "support": 12.0
    },
    "2": {
      "precision": 0.6071428571428571,
      "recall": 0.5743243243243243,
      "f1-score": 0.5902777777777778,
      "support": 148.0
    },
    "3": {
      "precision": 0.5487804878048781,
      "recall": 0.6221198156682027,
      "f1-score": 0.5831533477321814,
      "support": 217.0
    },
    "4": {
      "precision": 0.65625,
      "recall": 0.5737704918032787,
      "f1-score": 0.6122448979591837,
      "support": 183.0
    },
    "5": {
      "precision": 0.3157894736842105,
      "recall": 0.3157894736842105,
      "f1-score": 0.3157894736842105,
      "support": 19.0
    },
    "accuracy": 0.5837651122625216,
    "macro avg": {
      "precision": 0.5255925637263892,
      "recall": 0.5338674877626699,
      "f1-score": 0.5279854071229784,
      "support": 579.0
    },
    "weighted avg": {
      "precision": 0.589009082402075,
      "recall": 0.5837651122625216,
      "f1-score": 0.584469330495792,
      "support": 579.0
    }
  }
}