{
  "overall": {
    "accuracy": 0.6269430051813472,
    "precision": 0.6372319474048598,
    "recall": 0.6269430051813472,
    "f1_score": 0.6276185333802662,
    "adjusted_accuracy": 0.9620034542314335,
    "adjusted_precision": 0.9642202953182232,
    "adjusted_recall": 0.9620034542314335,
    "adjusted_f1": 0.9625151010889749,
    "mae": 0.4110535405872193,
    "mse": 0.48704663212435234,
    "quadratic_kappa": 0.6768500009895699
  },
  "by_class": {
    "1": {
      "precision": 0.5,
      "recall": 0.5833333333333334,
      "f1-score": 0.5384615384615384,
      "support": 12.0
    },
    "2": {
      "precision": 0.6923076923076923,
      "recall": 0.5472972972972973,
      "f1-score": 0.6113207547169811,
      "support": 148.0
    },
    "3": {
      "precision": 0.5852713178294574,
      "recall": 0.695852534562212,
      "f1-score": 0.6357894736842106,
      "support": 217.0
    },
    "4": {
      "precision": 0.6964285714285714,
      "recall": 0.639344262295082,
      "f1-score": 0.6666666666666666,
      "support": 183.0
    },
    "5": {
      "precision": 0.3181818181818182,
      "recall": 0.3684210526315789,
      "f1-score": 0.34146341463414637,
      "support": 19.0
    },
    "accuracy": 0.6269430051813472,
    "macro avg": {
      "precision": 0.5584378799495079,
      "recall": 0.5668496960239007,
      "f1-score": 0.5587403696327086,
      "support": 579.0
    },
    "weighted avg": {
      "precision": 0.6372319474048598,
      "recall": 0.6269430051813472,
      "f1-score": 0.6276185333802662,
      "support": 579.0
    }
  }
}