{
  "overall": {
    "accuracy": 0.5889464594127807,
    "precision": 0.5979215008199563,
    "recall": 0.5889464594127807,
    "f1_score": 0.5905769264029378,
    "adjusted_accuracy": 0.9740932642487047,
    "adjusted_precision": 0.9747494719254394,
    "adjusted_recall": 0.9740932642487047,
    "adjusted_f1": 0.9741786922046456,
    "mae": 0.4386873920552677,
    "mse": 0.49740932642487046,
    "quadratic_kappa": 0.6673117515851132
  },
  "by_class": {
    "1": {
      "precision": 0.5833333333333334,
      "recall": 0.5833333333333334,
      "f1-score": 0.5833333333333334,
      "support": 12.0
    },
    "2": {
      "precision": 0.6612903225806451,
      "recall": 0.5540540540540541,
      "f1-score": 0.6029411764705882,
      "support": 148.0
    },
    "3": {
      "precision": 0.5275590551181102,
      "recall": 0.6175115207373272,
      "f1-score": 0.5690021231422505,
      "support": 217.0
    },
    "4": {
      "precision": 0.6568047337278107,
      "recall": 0.6065573770491803,
      "f1-score": 0.6306818181818182,
      "support": 183.0
    },
    "5": {
      "precision": 0.35,
      "recall": 0.3684210526315789,
      "f1-score": 0.358974358974359,
      "support": 19.0
    },
    "accuracy": 0.5889464594127807,
    "macro avg": {
      "precision": 0.5557974889519799,
      "recall": 0.5459754675610947,
      "f1-score": 0.5489865620204699,
      "support": 579.0
    },
    "weighted avg": {
      "precision": 0.5979215008199563,
      "recall": 0.5889464594127807,
      "f1-score": 0.5905769264029378,
      "support": 579.0
    }
  }
}