{
  "overall": {
    "accuracy": 0.5457685664939551,
    "precision": 0.552923647070408,
    "recall": 0.5457685664939551,
    "f1_score": 0.5402999623542669,
    "adjusted_accuracy": 0.9585492227979274,
    "adjusted_precision": 0.9598555760624031,
    "adjusted_recall": 0.9585492227979274,
    "adjusted_f1": 0.9574775452372535,
    "mae": 0.49740932642487046,
    "mse": 0.5872193436960277,
    "quadratic_kappa": 0.6155393502876718
  },
  "by_class": {
    "1": {
      "precision": 0.4117647058823529,
      "recall": 0.5833333333333334,
      "f1-score": 0.4827586206896552,
      "support": 12.0
    },
    "2": {
      "precision": 0.5668449197860963,
      "recall": 0.7162162162162162,
      "f1-score": 0.6328358208955224,
      "support": 148.0
    },
    "3": {
      "precision": 0.48717948717948717,
      "recall": 0.5253456221198156,
      "f1-score": 0.5055432372505543,
      "support": 217.0
    },
    "4": {
      "precision": 0.6417910447761194,
      "recall": 0.46994535519125685,
      "f1-score": 0.5425867507886435,
      "support": 183.0
    },
    "5": {
      "precision": 0.42857142857142855,
      "recall": 0.15789473684210525,
      "f1-score": 0.23076923076923078,
      "support": 19.0
    },
    "accuracy": 0.5457685664939551,
    "macro avg": {
      "precision": 0.5072303172390968,
      "recall": 0.49054705274054544,
      "f1-score": 0.47889873207872125,
      "support": 579.0
    },
    "weighted avg": {
      "precision": 0.552923647070408,
      "recall": 0.5457685664939551,
      "f1-score": 0.5402999623542669,
      "support": 579.0
    }
  }
}