{
  "overall": {
    "accuracy": 0.5215889464594128,
    "precision": 0.5404063094825996,
    "recall": 0.5215889464594128,
    "f1_score": 0.519976310297013,
    "adjusted_accuracy": 0.9481865284974094,
    "adjusted_precision": 0.9512495512265344,
    "adjusted_recall": 0.9481865284974094,
    "adjusted_f1": 0.9475984629691265,
    "mae": 0.5354058721934369,
    "mse": 0.6597582037996546,
    "quadratic_kappa": 0.5976548146153875
  },
  "by_class": {
    "1": {
      "precision": 0.24242424242424243,
      "recall": 0.6666666666666666,
      "f1-score": 0.35555555555555557,
      "support": 12.0
    },
    "2": {
      "precision": 0.5659340659340659,
      "recall": 0.6959459459459459,
      "f1-score": 0.6242424242424243,
      "support": 148.0
    },
    "3": {
      "precision": 0.4692982456140351,
      "recall": 0.4930875576036866,
      "f1-score": 0.48089887640449436,
      "support": 217.0
    },
    "4": {
      "precision": 0.6220472440944882,
      "recall": 0.43169398907103823,
      "f1-score": 0.5096774193548387,
      "support": 183.0
    },
    "5": {
      "precision": 0.5555555555555556,
      "recall": 0.2631578947368421,
      "f1-score": 0.35714285714285715,
      "support": 19.0
    },
    "accuracy": 0.5215889464594128,
    "macro avg": {
      "precision": 0.4910518707244774,
      "recall": 0.5101104108048359,
      "f1-score": 0.46550342654003407,
      "support": 579.0
    },
    "weighted avg": {
      "precision": 0.5404063094825996,
      "recall": 0.5215889464594128,
      "f1-score": 0.519976310297013,
      "support": 579.0
    }
  }
}