{
  "overall": {
    "accuracy": 0.5544041450777202,
    "precision": 0.5608463753271833,
    "recall": 0.5544041450777202,
    "f1_score": 0.5547955623667662,
    "adjusted_accuracy": 0.9326424870466321,
    "adjusted_precision": 0.9337395675088545,
    "adjusted_recall": 0.9326424870466321,
    "adjusted_f1": 0.9316596038630874,
    "mae": 0.5146804835924007,
    "mse": 0.6563039723661486,
    "quadratic_kappa": 0.5729674126118433
  },
  "by_class": {
    "1": {
      "precision": 0.375,
      "recall": 0.5,
      "f1-score": 0.42857142857142855,
      "support": 12.0
    },
    "2": {
      "precision": 0.5220125786163522,
      "recall": 0.5608108108108109,
      "f1-score": 0.5407166123778502,
      "support": 148.0
    },
    "3": {
      "precision": 0.5397489539748954,
      "recall": 0.5944700460829493,
      "f1-score": 0.5657894736842105,
      "support": 217.0
    },
    "4": {
      "precision": 0.66,
      "recall": 0.5409836065573771,
      "f1-score": 0.5945945945945946,
      "support": 183.0
    },
    "5": {
      "precision": 0.26666666666666666,
      "recall": 0.21052631578947367,
      "f1-score": 0.23529411764705882,
      "support": 19.0
    },
    "accuracy": 0.5544041450777202,
    "macro avg": {
      "precision": 0.4726856398515829,
      "recall": 0.48135815584812214,
      "f1-score": 0.4729932453750286,
      "support": 579.0
    },
    "weighted avg": {
      "precision": 0.5608463753271833,
      "recall": 0.5544041450777202,
      "f1-score": 0.5547955623667662,
      "support": 579.0
    }
  }
}