{
  "overall": {
    "accuracy": 0.5060449050086355,
    "precision": 0.5312047850309418,
    "recall": 0.5060449050086355,
    "f1_score": 0.49287136895106765,
    "adjusted_accuracy": 0.9447322970639033,
    "adjusted_precision": 0.9484137961840267,
    "adjusted_recall": 0.9447322970639033,
    "adjusted_f1": 0.9426509063271917,
    "mae": 0.5509499136442142,
    "mse": 0.6683937823834197,
    "quadratic_kappa": 0.568430581369594
  },
  "by_class": {
    "1": {
      "precision": 0.3888888888888889,
      "recall": 0.5833333333333334,
      "f1-score": 0.4666666666666667,
      "support": 12.0
    },
    "2": {
      "precision": 0.5066666666666667,
      "recall": 0.7702702702702703,
      "f1-score": 0.6112600536193029,
      "support": 148.0
    },
    "3": {
      "precision": 0.4525862068965517,
      "recall": 0.4838709677419355,
      "f1-score": 0.46770601336302897,
      "support": 217.0
    },
    "4": {
      "precision": 0.6464646464646465,
      "recall": 0.34972677595628415,
      "f1-score": 0.45390070921985815,
      "support": 183.0
    },
    "5": {
      "precision": 0.6,
      "recall": 0.15789473684210525,
      "f1-score": 0.25,
      "support": 19.0
    },
    "accuracy": 0.5060449050086355,
    "macro avg": {
      "precision": 0.5189212817833508,
      "recall": 0.4690192168287857,
      "f1-score": 0.44990668857377136,
      "support": 579.0
    },
    "weighted avg": {
      "precision": 0.5312047850309418,
      "recall": 0.5060449050086355,
      "f1-score": 0.49287136895106765,
      "support": 579.0
    }
  }
}