{
  "overall": {
    "accuracy": 0.5734024179620034,
    "precision": 0.5760068969702395,
    "recall": 0.5734024179620034,
    "f1_score": 0.569232536984941,
    "adjusted_accuracy": 0.9637305699481865,
    "adjusted_precision": 0.9646353016216963,
    "adjusted_recall": 0.9637305699481865,
    "adjusted_f1": 0.9629889228791381,
    "mae": 0.46459412780656306,
    "mse": 0.5440414507772021,
    "quadratic_kappa": 0.6449201296615367
  },
  "by_class": {
    "1": {
      "precision": 0.4375,
      "recall": 0.5833333333333334,
      "f1-score": 0.5,
      "support": 12.0
    },
    "2": {
      "precision": 0.5888888888888889,
      "recall": 0.7162162162162162,
      "f1-score": 0.6463414634146342,
      "support": 148.0
    },
    "3": {
      "precision": 0.5198237885462555,
      "recall": 0.543778801843318,
      "f1-score": 0.5315315315315315,
      "support": 217.0
    },
    "4": {
      "precision": 0.6621621621621622,
      "recall": 0.5355191256830601,
      "f1-score": 0.5921450151057401,
      "support": 183.0
    },
    "5": {
      "precision": 0.375,
      "recall": 0.15789473684210525,
      "f1-score": 0.2222222222222222,
      "support": 19.0
    },
    "accuracy": 0.5734024179620034,
    "macro avg": {
      "precision": 0.5166749679194613,
      "recall": 0.5073484427836067,
      "f1-score": 0.49844804645482566,
      "support": 579.0
    },
    "weighted avg": {
      "precision": 0.5760068969702395,
      "recall": 0.5734024179620034,
      "f1-score": 0.569232536984941,
      "support": 579.0
    }
  }
}