{
  "overall": {
    "accuracy": 0.34196891191709844,
    "precision": 0.3882290643130567,
    "recall": 0.34196891191709844,
    "f1_score": 0.2907779324106367,
    "adjusted_accuracy": 0.772020725388601,
    "adjusted_precision": 0.82223869589665,
    "adjusted_recall": 0.772020725388601,
    "adjusted_f1": 0.7412777747224233,
    "mae": 0.9119170984455959,
    "mse": 1.4749568221070812,
    "quadratic_kappa": 0.05918862044165041
  },
  "by_class": {
    "0": {
      "precision": 1.0,
      "recall": 0.16666666666666666,
      "f1-score": 0.2857142857142857,
      "support": 12.0
    },
    "1": {
      "precision": 0.4,
      "recall": 0.06756756756756757,
      "f1-score": 0.11560693641618497,
      "support": 148.0
    },
    "2": {
      "precision": 0.4298245614035088,
      "recall": 0.22580645161290322,
      "f1-score": 0.29607250755287007,
      "support": 217.0
    },
    "3": {
      "precision": 0.3238095238095238,
      "recall": 0.7431693989071039,
      "f1-score": 0.45107794361525705,
      "support": 183.0
    },
    "4": {
      "precision": 0.05555555555555555,
      "recall": 0.05263157894736842,
      "f1-score": 0.05405405405405406,
      "support": 19.0
    },
    "accuracy": 0.34196891191709844,
    "macro avg": {
      "precision": 0.4418379281537176,
      "recall": 0.2511683327403219,
      "f1-score": 0.2405051454705304,
      "support": 579.0
    },
    "weighted avg": {
      "precision": 0.3882290643130567,
      "recall": 0.34196891191709844,
      "f1-score": 0.2907779324106367,
      "support": 579.0
    }
  }
}