{
  "overall": {
    "accuracy": 0.5630397236614854,
    "precision": 0.566941484031944,
    "recall": 0.5630397236614854,
    "f1_score": 0.5610441857654472,
    "adjusted_accuracy": 0.9516407599309153,
    "adjusted_precision": 0.9528578906172859,
    "adjusted_recall": 0.9516407599309153,
    "adjusted_f1": 0.95160920159369,
    "mae": 0.48877374784110533,
    "mse": 0.5993091537132987,
    "quadratic_kappa": 0.6305068661690142
  },
  "by_class": {
    "1": {
      "precision": 0.2916666666666667,
      "recall": 0.5833333333333334,
      "f1-score": 0.3888888888888889,
      "support": 12.0
    },
    "2": {
      "precision": 0.5586592178770949,
      "recall": 0.6756756756756757,
      "f1-score": 0.6116207951070336,
      "support": 148.0
    },
    "3": {
      "precision": 0.5625,
      "recall": 0.5391705069124424,
      "f1-score": 0.5505882352941176,
      "support": 217.0
    },
    "4": {
      "precision": 0.6369426751592356,
      "recall": 0.546448087431694,
      "f1-score": 0.5882352941176471,
      "support": 183.0
    },
    "5": {
      "precision": 0.18181818181818182,
      "recall": 0.10526315789473684,
      "f1-score": 0.13333333333333333,
      "support": 19.0
    },
    "accuracy": 0.5630397236614854,
    "macro avg": {
      "precision": 0.44631734830423575,
      "recall": 0.4899781522495764,
      "f1-score": 0.45453330934820413,
      "support": 579.0
    },
    "weighted avg": {
      "precision": 0.566941484031944,
      "recall": 0.5630397236614854,
      "f1-score": 0.5610441857654472,
      "support": 579.0
    }
  }
}