{
  "overall": {
    "accuracy": 0.5682210708117443,
    "precision": 0.5646492416487995,
    "recall": 0.5682210708117443,
    "f1_score": 0.5644513655946609,
    "adjusted_accuracy": 0.9533678756476683,
    "adjusted_precision": 0.9534856227389886,
    "adjusted_recall": 0.9533678756476683,
    "adjusted_f1": 0.9525909932919396,
    "mae": 0.48186528497409326,
    "mse": 0.5889464594127807,
    "quadratic_kappa": 0.6288203367780675
  },
  "by_class": {
    "1": {
      "precision": 0.4117647058823529,
      "recall": 0.5833333333333334,
      "f1-score": 0.4827586206896552,
      "support": 12.0
    },
    "2": {
      "precision": 0.5953757225433526,
      "recall": 0.6959459459459459,
      "f1-score": 0.6417445482866043,
      "support": 148.0
    },
    "3": {
      "precision": 0.5294117647058824,
      "recall": 0.4976958525345622,
      "f1-score": 0.5130641330166271,
      "support": 217.0
    },
    "4": {
      "precision": 0.6242774566473989,
      "recall": 0.5901639344262295,
      "f1-score": 0.6067415730337079,
      "support": 183.0
    },
    "5": {
      "precision": 0.25,
      "recall": 0.15789473684210525,
      "f1-score": 0.1935483870967742,
      "support": 19.0
    },
    "accuracy": 0.5682210708117443,
    "macro avg": {
      "precision": 0.4821659299557973,
      "recall": 0.5050067606164352,
      "f1-score": 0.4875714524246737,
      "support": 579.0
    },
    "weighted avg": {
      "precision": 0.5646492416487995,
      "recall": 0.5682210708117443,
      "f1-score": 0.5644513655946609,
      "support": 579.0
    }
  }
}