{
  "overall": {
    "accuracy": 0.6390328151986183,
    "precision": 0.6444587390518508,
    "recall": 0.6390328151986183,
    "f1_score": 0.6411969757833824,
    "adjusted_accuracy": 0.9585492227979274,
    "adjusted_precision": 0.9616126795411022,
    "adjusted_recall": 0.9585492227979274,
    "adjusted_f1": 0.9594448480384276,
    "mae": 0.40241796200345425,
    "mse": 0.4853195164075993,
    "quadratic_kappa": 0.6951917942953492
  },
  "by_class": {
    "1": {
      "precision": 0.4117647058823529,
      "recall": 0.5833333333333334,
      "f1-score": 0.4827586206896552,
      "support": 12.0
    },
    "2": {
      "precision": 0.6643356643356644,
      "recall": 0.6418918918918919,
      "f1-score": 0.6529209621993127,
      "support": 148.0
    },
    "3": {
      "precision": 0.6126126126126126,
      "recall": 0.6267281105990783,
      "f1-score": 0.6195899772209568,
      "support": 217.0
    },
    "4": {
      "precision": 0.72,
      "recall": 0.6885245901639344,
      "f1-score": 0.7039106145251397,
      "support": 183.0
    },
    "5": {
      "precision": 0.2727272727272727,
      "recall": 0.3157894736842105,
      "f1-score": 0.2926829268292683,
      "support": 19.0
    },
    "accuracy": 0.6390328151986183,
    "macro avg": {
      "precision": 0.5362880511115804,
      "recall": 0.5712534799344897,
      "f1-score": 0.5503726202928665,
      "support": 579.0
    },
    "weighted avg": {
      "precision": 0.6444587390518508,
      "recall": 0.6390328151986183,
      "f1-score": 0.6411969757833824,
      "support": 579.0
    }
  }
}