{
  "overall": {
    "accuracy": 0.5198618307426598,
    "precision": 0.5254765673246707,
    "recall": 0.5198618307426598,
    "f1_score": 0.51089367577284,
    "adjusted_accuracy": 0.9516407599309153,
    "adjusted_precision": 0.9534521233122609,
    "adjusted_recall": 0.9516407599309153,
    "adjusted_f1": 0.9506892617476455,
    "mae": 0.5302245250431779,
    "mse": 0.6338514680483592,
    "quadratic_kappa": 0.5985843255711153
  },
  "by_class": {
    "1": {
      "precision": 0.36363636363636365,
      "recall": 0.6666666666666666,
      "f1-score": 0.47058823529411764,
      "support": 12.0
    },
    "2": {
      "precision": 0.5555555555555556,
      "recall": 0.7432432432432432,
      "f1-score": 0.6358381502890174,
      "support": 148.0
    },
    "3": {
      "precision": 0.4669603524229075,
      "recall": 0.48847926267281105,
      "f1-score": 0.4774774774774775,
      "support": 217.0
    },
    "4": {
      "precision": 0.5967741935483871,
      "recall": 0.40437158469945356,
      "f1-score": 0.4820846905537459,
      "support": 183.0
    },
    "5": {
      "precision": 0.375,
      "recall": 0.15789473684210525,
      "f1-score": 0.2222222222222222,
      "support": 19.0
    },
    "accuracy": 0.5198618307426598,
    "macro avg": {
      "precision": 0.47158529303264274,
      "recall": 0.49213109882485595,
      "f1-score": 0.4576421551673162,
      "support": 579.0
    },
    "weighted avg": {
      "precision": 0.5254765673246707,
      "recall": 0.5198618307426598,
      "f1-score": 0.51089367577284,
      "support": 579.0
    }
  }
}