{
  "overall": {
    "accuracy": 0.47150259067357514,
    "precision": 0.500462952576997,
    "recall": 0.47150259067357514,
    "f1_score": 0.4182469761820638,
    "adjusted_accuracy": 0.9050086355785838,
    "adjusted_precision": 0.923734415106249,
    "adjusted_recall": 0.9050086355785838,
    "adjusted_f1": 0.9010054221304983,
    "mae": 0.6234887737478411,
    "mse": 0.8134715025906736,
    "quadratic_kappa": 0.36918621461764967
  },
  "by_class": {
    "1": {
      "precision": 1.0,
      "recall": 0.5,
      "f1-score": 0.6666666666666666,
      "support": 12.0
    },
    "2": {
      "precision": 0.631578947368421,
      "recall": 0.08108108108108109,
      "f1-score": 0.1437125748502994,
      "support": 148.0
    },
    "3": {
      "precision": 0.46360153256704983,
      "recall": 0.5576036866359447,
      "f1-score": 0.5062761506276151,
      "support": 217.0
    },
    "4": {
      "precision": 0.45733788395904434,
      "recall": 0.73224043715847,
      "f1-score": 0.5630252100840336,
      "support": 183.0
    },
    "5": {
      "precision": 0.0,
      "recall": 0.0,
      "f1-score": 0.0,
      "support": 19.0
    },
    "accuracy": 0.47150259067357514,
    "macro avg": {
      "precision": 0.5105036727789031,
      "recall": 0.3741850409750992,
      "f1-score": 0.37593612044572294,
      "support": 579.0
    },
    "weighted avg": {
      "precision": 0.500462952576997,
      "recall": 0.47150259067357514,
      "f1-score": 0.4182469761820638,
      "support": 579.0
    }
  }
}