{
  "overall": {
    "accuracy": 0.6079447322970639,
    "precision": 0.6076792284834637,
    "recall": 0.6079447322970639,
    "f1_score": 0.6071330919485106,
    "adjusted_accuracy": 0.9602763385146805,
    "adjusted_precision": 0.9610220347089758,
    "adjusted_recall": 0.9602763385146805,
    "adjusted_f1": 0.9604690694404936,
    "mae": 0.4317789291882556,
    "mse": 0.5112262521588946,
    "quadratic_kappa": 0.6672026098100896
  },
  "by_class": {
    "1": {
      "precision": 0.4375,
      "recall": 0.5833333333333334,
      "f1-score": 0.5,
      "support": 12.0
    },
    "2": {
      "precision": 0.625,
      "recall": 0.6081081081081081,
      "f1-score": 0.6164383561643836,
      "support": 148.0
    },
    "3": {
      "precision": 0.5739130434782609,
      "recall": 0.6082949308755761,
      "f1-score": 0.5906040268456376,
      "support": 217.0
    },
    "4": {
      "precision": 0.6857142857142857,
      "recall": 0.6557377049180327,
      "f1-score": 0.6703910614525139,
      "support": 183.0
    },
    "5": {
      "precision": 0.21428571428571427,
      "recall": 0.15789473684210525,
      "f1-score": 0.18181818181818182,
      "support": 19.0
    },
    "accuracy": 0.6079447322970639,
    "macro avg": {
      "precision": 0.5072826086956522,
      "recall": 0.5226737628154311,
      "f1-score": 0.5118503252561434,
      "support": 579.0
    },
    "weighted avg": {
      "precision": 0.6076792284834637,
      "recall": 0.6079447322970639,
      "f1-score": 0.6071330919485106,
      "support": 579.0
    }
  }
}