{
  "overall": {
    "accuracy": 0.7180232558139535,
    "precision": 0.737097385871872,
    "recall": 0.7180232558139535,
    "f1_score": 0.6959464439016109,
    "adjusted_accuracy": 0.9680232558139535,
    "adjusted_precision": 0.9689657890206316,
    "adjusted_recall": 0.9680232558139535,
    "adjusted_f1": 0.9667436707964568,
    "mae": 0.31976744186046513,
    "mse": 0.4127906976744186,
    "quadratic_kappa": 0.6562324062605562
  },
  "by_class": {
    "1": {
      "precision": 1.0,
      "recall": 0.35714285714285715,
      "f1-score": 0.5263157894736842,
      "support": 14.0
    },
    "2": {
      "precision": 0.7333333333333333,
      "recall": 0.3055555555555556,
      "f1-score": 0.43137254901960786,
      "support": 72.0
    },
    "3": {
      "precision": 0.7717842323651453,
      "recall": 0.6888888888888889,
      "f1-score": 0.7279843444227005,
      "support": 270.0
    },
    "4": {
      "precision": 0.6743589743589744,
      "recall": 0.9528985507246377,
      "f1-score": 0.7897897897897898,
      "support": 276.0
    },
    "5": {
      "precision": 0.8181818181818182,
      "recall": 0.32142857142857145,
      "f1-score": 0.46153846153846156,
      "support": 56.0
    },
    "accuracy": 0.7180232558139535,
    "macro avg": {
      "precision": 0.7995316716478543,
      "recall": 0.5251828847481022,
      "f1-score": 0.5874001868488488,
      "support": 688.0
    },
    "weighted avg": {
      "precision": 0.737097385871872,
      "recall": 0.7180232558139535,
      "f1-score": 0.6959464439016109,
      "support": 688.0
    }
  }
}