{
  "overall": {
    "accuracy": 0.533678756476684,
    "precision": 0.5335555279221464,
    "recall": 0.533678756476684,
    "f1_score": 0.53075556667554,
    "adjusted_accuracy": 0.9533678756476683,
    "adjusted_precision": 0.9538809644183788,
    "adjusted_recall": 0.9533678756476683,
    "adjusted_f1": 0.9523227992079258,
    "mae": 0.5146804835924007,
    "mse": 0.614853195164076,
    "quadratic_kappa": 0.6073110511636414
  },
  "by_class": {
    "1": {
      "precision": 0.35,
      "recall": 0.5833333333333334,
      "f1-score": 0.4375,
      "support": 12.0
    },
    "2": {
      "precision": 0.5773809523809523,
      "recall": 0.6554054054054054,
      "f1-score": 0.6139240506329114,
      "support": 148.0
    },
    "3": {
      "precision": 0.4794520547945205,
      "recall": 0.4838709677419355,
      "f1-score": 0.481651376146789,
      "support": 217.0
    },
    "4": {
      "precision": 0.5950920245398773,
      "recall": 0.5300546448087432,
      "f1-score": 0.5606936416184971,
      "support": 183.0
    },
    "5": {
      "precision": 0.3333333333333333,
      "recall": 0.15789473684210525,
      "f1-score": 0.21428571428571427,
      "support": 19.0
    },
    "accuracy": 0.533678756476684,
    "macro avg": {
      "precision": 0.46705167300973677,
      "recall": 0.4821118176263045,
      "f1-score": 0.4616109565367824,
      "support": 579.0
    },
    "weighted avg": {
      "precision": 0.5335555279221464,
      "recall": 0.533678756476684,
      "f1-score": 0.53075556667554,
      "support": 579.0
    }
  }
}