{
  "overall": {
    "accuracy": 0.4905008635578584,
    "precision": 0.49741423610634566,
    "recall": 0.4905008635578584,
    "f1_score": 0.47476654975531574,
    "adjusted_accuracy": 0.9464594127806563,
    "adjusted_precision": 0.9505343360032458,
    "adjusted_recall": 0.9464594127806563,
    "adjusted_f1": 0.9454039864426765,
    "mae": 0.5647668393782384,
    "mse": 0.6787564766839378,
    "quadratic_kappa": 0.59472485275076
  },
  "by_class": {
    "1": {
      "precision": 0.36363636363636365,
      "recall": 0.6666666666666666,
      "f1-score": 0.47058823529411764,
      "support": 12.0
    },
    "2": {
      "precision": 0.4918032786885246,
      "recall": 0.8108108108108109,
      "f1-score": 0.6122448979591837,
      "support": 148.0
    },
    "3": {
      "precision": 0.4301675977653631,
      "recall": 0.3548387096774194,
      "f1-score": 0.3888888888888889,
      "support": 217.0
    },
    "4": {
      "precision": 0.6031746031746031,
      "recall": 0.41530054644808745,
      "f1-score": 0.4919093851132686,
      "support": 183.0
    },
    "5": {
      "precision": 0.375,
      "recall": 0.15789473684210525,
      "f1-score": 0.2222222222222222,
      "support": 19.0
    },
    "accuracy": 0.4905008635578584,
    "macro avg": {
      "precision": 0.4527563686529709,
      "recall": 0.48110229408901795,
      "f1-score": 0.4371707258955362,
      "support": 579.0
    },
    "weighted avg": {
      "precision": 0.49741423610634566,
      "recall": 0.4905008635578584,
      "f1-score": 0.47476654975531574,
      "support": 579.0
    }
  }
}