{
  "overall": {
    "accuracy": 0.5112262521588946,
    "precision": 0.5264691055192677,
    "recall": 0.5112262521588946,
    "f1_score": 0.49910709730280384,
    "adjusted_accuracy": 0.9481865284974094,
    "adjusted_precision": 0.9514032424677455,
    "adjusted_recall": 0.9481865284974094,
    "adjusted_f1": 0.9471802155464653,
    "mae": 0.542314335060449,
    "mse": 0.6528497409326425,
    "quadratic_kappa": 0.5937852645958306
  },
  "by_class": {
    "1": {
      "precision": 0.30434782608695654,
      "recall": 0.5833333333333334,
      "f1-score": 0.4,
      "support": 12.0
    },
    "2": {
      "precision": 0.5225225225225225,
      "recall": 0.7837837837837838,
      "f1-score": 0.6270270270270271,
      "support": 148.0
    },
    "3": {
      "precision": 0.46788990825688076,
      "recall": 0.4700460829493088,
      "f1-score": 0.4689655172413793,
      "support": 217.0
    },
    "4": {
      "precision": 0.6238532110091743,
      "recall": 0.37158469945355194,
      "f1-score": 0.4657534246575342,
      "support": 183.0
    },
    "5": {
      "precision": 0.42857142857142855,
      "recall": 0.15789473684210525,
      "f1-score": 0.23076923076923078,
      "support": 19.0
    },
    "accuracy": 0.5112262521588946,
    "macro avg": {
      "precision": 0.46943697928939254,
      "recall": 0.47332852727241664,
      "f1-score": 0.43850303993903433,
      "support": 579.0
    },
    "weighted avg": {
      "precision": 0.5264691055192677,
      "recall": 0.5112262521588946,
      "f1-score": 0.49910709730280384,
      "support": 579.0
    }
  }
}