{
  "overall": {
    "accuracy": 0.5889464594127807,
    "precision": 0.5919362744784568,
    "recall": 0.5889464594127807,
    "f1_score": 0.5888236218375468,
    "adjusted_accuracy": 0.9550949913644214,
    "adjusted_precision": 0.9550668250484786,
    "adjusted_recall": 0.9550949913644214,
    "adjusted_f1": 0.954888042499875,
    "mae": 0.45768566493955093,
    "mse": 0.5544041450777202,
    "quadratic_kappa": 0.652972972972973
  },
  "by_class": {
    "1": {
      "precision": 0.3684210526315789,
      "recall": 0.5833333333333334,
      "f1-score": 0.45161290322580644,
      "support": 12.0
    },
    "2": {
      "precision": 0.5515151515151515,
      "recall": 0.6148648648648649,
      "f1-score": 0.5814696485623003,
      "support": 148.0
    },
    "3": {
      "precision": 0.5707317073170731,
      "recall": 0.5391705069124424,
      "f1-score": 0.5545023696682464,
      "support": 217.0
    },
    "4": {
      "precision": 0.6779661016949152,
      "recall": 0.6557377049180327,
      "f1-score": 0.6666666666666666,
      "support": 183.0
    },
    "5": {
      "precision": 0.46153846153846156,
      "recall": 0.3157894736842105,
      "f1-score": 0.375,
      "support": 19.0
    },
    "accuracy": 0.5889464594127807,
    "macro avg": {
      "precision": 0.5260344949394361,
      "recall": 0.5417791767425768,
      "f1-score": 0.5258503176246039,
      "support": 579.0
    },
    "weighted avg": {
      "precision": 0.5919362744784568,
      "recall": 0.5889464594127807,
      "f1-score": 0.5888236218375468,
      "support": 579.0
    }
  }
}