{
  "overall": {
    "accuracy": 0.6217616580310881,
    "precision": 0.6326583662066885,
    "recall": 0.6217616580310881,
    "f1_score": 0.6237006626528001,
    "adjusted_accuracy": 0.9481865284974094,
    "adjusted_precision": 0.9518470048069393,
    "adjusted_recall": 0.9481865284974094,
    "adjusted_f1": 0.9488609308995191,
    "mae": 0.43350604490500866,
    "mse": 0.5509499136442142,
    "quadratic_kappa": 0.6372899995090578
  },
  "by_class": {
    "1": {
      "precision": 0.5833333333333334,
      "recall": 0.5833333333333334,
      "f1-score": 0.5833333333333334,
      "support": 12.0
    },
    "2": {
      "precision": 0.6422764227642277,
      "recall": 0.5337837837837838,
      "f1-score": 0.5830258302583026,
      "support": 148.0
    },
    "3": {
      "precision": 0.5748031496062992,
      "recall": 0.6728110599078341,
      "f1-score": 0.6199575371549894,
      "support": 217.0
    },
    "4": {
      "precision": 0.7333333333333333,
      "recall": 0.6612021857923497,
      "f1-score": 0.6954022988505747,
      "support": 183.0
    },
    "5": {
      "precision": 0.28,
      "recall": 0.3684210526315789,
      "f1-score": 0.3181818181818182,
      "support": 19.0
    },
    "accuracy": 0.6217616580310881,
    "macro avg": {
      "precision": 0.5627492478074387,
      "recall": 0.563910283089776,
      "f1-score": 0.5599801635558037,
      "support": 579.0
    },
    "weighted avg": {
      "precision": 0.6326583662066885,
      "recall": 0.6217616580310881,
      "f1-score": 0.6237006626528001,
      "support": 579.0
    }
  }
}