{
  "overall": {
    "accuracy": 0.5924006908462867,
    "precision": 0.6005956391627908,
    "recall": 0.5924006908462867,
    "f1_score": 0.5951416280955755,
    "adjusted_accuracy": 0.9550949913644214,
    "adjusted_precision": 0.9569528260716315,
    "adjusted_recall": 0.9550949913644214,
    "adjusted_f1": 0.9554436182514041,
    "mae": 0.4525043177892919,
    "mse": 0.542314335060449,
    "quadratic_kappa": 0.6549856533422399
  },
  "by_class": {
    "1": {
      "precision": 0.4666666666666667,
      "recall": 0.5833333333333334,
      "f1-score": 0.5185185185185185,
      "support": 12.0
    },
    "2": {
      "precision": 0.5960264900662252,
      "recall": 0.6081081081081081,
      "f1-score": 0.6020066889632107,
      "support": 148.0
    },
    "3": {
      "precision": 0.5454545454545454,
      "recall": 0.5806451612903226,
      "f1-score": 0.5625,
      "support": 217.0
    },
    "4": {
      "precision": 0.7125,
      "recall": 0.6229508196721312,
      "f1-score": 0.6647230320699709,
      "support": 183.0
    },
    "5": {
      "precision": 0.2727272727272727,
      "recall": 0.3157894736842105,
      "f1-score": 0.2926829268292683,
      "support": 19.0
    },
    "accuracy": 0.5924006908462867,
    "macro avg": {
      "precision": 0.5186749949829419,
      "recall": 0.5421653792176212,
      "f1-score": 0.5280862332761938,
      "support": 579.0
    },
    "weighted avg": {
      "precision": 0.6005956391627908,
      "recall": 0.5924006908462867,
      "f1-score": 0.5951416280955755,
      "support": 579.0
    }
  }
}