{
  "overall": {
    "accuracy": 0.656312625250501,
    "precision": 0.6657619399812742,
    "recall": 0.656312625250501,
    "f1_score": 0.658362710453287,
    "adjusted_accuracy": 0.9629258517034068,
    "adjusted_precision": 0.9897766293963274,
    "adjusted_recall": 0.9629258517034068,
    "adjusted_f1": 0.9756542077273954,
    "mae": 3.4278557114228456,
    "mse": 4135.820641282565,
    "quadratic_kappa": 0.06077276538788645
  },
  "by_class": {
    "1.0": {
      "precision": 0.6515151515151515,
      "recall": 0.7413793103448276,
      "f1-score": 0.6935483870967742,
      "support": 58.0
    },
    "2.0": {
      "precision": 0.6626865671641791,
      "recall": 0.6132596685082873,
      "f1-score": 0.6370157819225251,
      "support": 362.0
    },
    "3.0": {
      "precision": 0.7,
      "recall": 0.7346534653465346,
      "f1-score": 0.7169082125603865,
      "support": 505.0
    },
    "4.0": {
      "precision": 0.475,
      "recall": 0.2714285714285714,
      "f1-score": 0.34545454545454546,
      "support": 70.0
    },
    "5.0": {
      "precision": 0.0,
      "recall": 0.0,
      "f1-score": 0.0,
      "support": 3.0
    },
    "18.0": {
      "precision": 0.0,
      "recall": 0.0,
      "f1-score": 0.0,
      "support": 0.0
    },
    "20.0": {
      "precision": 0.0,
      "recall": 0.0,
      "f1-score": 0.0,
      "support": 0.0
    },
    "21.0": {
      "precision": 0.0,
      "recall": 0.0,
      "f1-score": 0.0,
      "support": 0.0
    },
    "24.0": {
      "precision": 0.0,
      "recall": 0.0,
      "f1-score": 0.0,
      "support": 0.0
    },
    "25.0": {
      "precision": 0.0,
      "recall": 0.0,
      "f1-score": 0.0,
      "support": 0.0
    },
    "29.0": {
      "precision": 0.0,
      "recall": 0.0,
      "f1-score": 0.0,
      "support": 0.0
    },
    "31.0": {
      "precision": 0.0,
      "recall": 0.0,
      "f1-score": 0.0,
      "support": 0.0
    },
    "36.0": {
      "precision": 0.0,
      "recall": 0.0,
      "f1-score": 0.0,
      "support": 0.0
    },
    "37.0": {
      "precision": 0.0,
      "recall": 0.0,
      "f1-score": 0.0,
      "support": 0.0
    },
    "38.0": {
      "precision": 0.0,
      "recall": 0.0,
      "f1-score": 0.0,
      "support": 0.0
    },
    "40.0": {
      "precision": 0.0,
      "recall": 0.0,
      "f1-score": 0.0,
      "support": 0.0
    },
    "42.0": {
      "precision": 0.0,
      "recall": 0.0,
      "f1-score": 0.0,
      "support": 0.0
    },
    "46.0": {
      "precision": 0.0,
      "recall": 0.0,
      "f1-score": 0.0,
      "support": 0.0
    },
    "50.0": {
      "precision": 0.0,
      "recall": 0.0,
      "f1-score": 0.0,
      "support": 0.0
    },
    "53.0": {
      "precision": 0.0,
      "recall": 0.0,
      "f1-score": 0.0,
      "support": 0.0
    },
    "55.0": {
      "precision": 0.0,
      "recall": 0.0,
      "f1-score": 0.0,
      "support": 0.0
    },
    "60.0": {
      "precision": 0.0,
      "recall": 0.0,
      "f1-score": 0.0,
      "support": 0.0
    },
    "61.0": {
      "precision": 0.0,
      "recall": 0.0,
      "f1-score": 0.0,
      "support": 0.0
    },
    "80.0": {
      "precision": 0.0,
      "recall": 0.0,
      "f1-score": 0.0,
      "support": 0.0
    },
    "86.0": {
      "precision": 0.0,
      "recall": 0.0,
      "f1-score": 0.0,
      "support": 0.0
    },
    "91.0": {
      "precision": 0.0,
      "recall": 0.0,
      "f1-score": 0.0,
      "support": 0.0
    },
    "2020.0": {
      "precision": 0.0,
      "recall": 0.0,
      "f1-score": 0.0,
      "support": 0.0
    },
    "accuracy": 0.656312625250501,
    "macro avg": {
      "precision": 0.0921926562473826,
      "recall": 0.08743411168993412,
      "f1-score": 0.08862692322349004,
      "support": 998.0
    },
    "weighted avg": {
      "precision": 0.6657619399812742,
      "recall": 0.656312625250501,
      "f1-score": 0.658362710453287,
      "support": 998.0
    }
  }
}