{
  "overall": {
    "accuracy": 0.568,
    "precision": 0.6084736150633062,
    "recall": 0.568,
    "f1_score": 0.5815881318151445,
    "adjusted_accuracy": 0.966,
    "adjusted_precision": 0.9782203268342027,
    "adjusted_recall": 0.966,
    "adjusted_f1": 0.9709722020482878,
    "mae": 0.47,
    "mse": 0.554,
    "quadratic_kappa": 0.5613034829652717
  },
  "by_class": {
    "1.0": {
      "precision": 0.6326530612244898,
      "recall": 0.5254237288135594,
      "f1-score": 0.5740740740740741,
      "support": 59.0
    },
    "2.0": {
      "precision": 0.5822454308093995,
      "recall": 0.6160220994475138,
      "f1-score": 0.5986577181208054,
      "support": 362.0
    },
    "3.0": {
      "precision": 0.6747572815533981,
      "recall": 0.549407114624506,
      "f1-score": 0.6056644880174292,
      "support": 506.0
    },
    "4.0": {
      "precision": 0.2677165354330709,
      "recall": 0.4857142857142857,
      "f1-score": 0.34517766497461927,
      "support": 70.0
    },
    "5.0": {
      "precision": 0.06896551724137931,
      "recall": 0.6666666666666666,
      "f1-score": 0.125,
      "support": 3.0
    },
    "accuracy": 0.568,
    "macro avg": {
      "precision": 0.44526756525234756,
      "recall": 0.5686467790533063,
      "f1-score": 0.44971478903738565,
      "support": 1000.0
    },
    "weighted avg": {
      "precision": 0.6084736150633062,
      "recall": 0.568,
      "f1-score": 0.5815881318151445,
      "support": 1000.0
    }
  }
}