{
  "overall": {
    "accuracy": 0.608,
    "precision": 0.6082322195203306,
    "recall": 0.608,
    "f1_score": 0.6052083087161649,
    "adjusted_accuracy": 0.977,
    "adjusted_precision": 0.9776212478004128,
    "adjusted_recall": 0.977,
    "adjusted_f1": 0.9772086236397871,
    "mae": 0.415,
    "mse": 0.461,
    "quadratic_kappa": 0.527540010494556
  },
  "by_class": {
    "1.0": {
      "precision": 0.5681818181818182,
      "recall": 0.423728813559322,
      "f1-score": 0.4854368932038835,
      "support": 59.0
    },
    "2.0": {
      "precision": 0.5563380281690141,
      "recall": 0.6546961325966851,
      "f1-score": 0.6015228426395939,
      "support": 362.0
    },
    "3.0": {
      "precision": 0.6869747899159664,
      "recall": 0.6462450592885376,
      "f1-score": 0.6659877800407332,
      "support": 506.0
    },
    "4.0": {
      "precision": 0.35294117647058826,
      "recall": 0.2571428571428571,
      "f1-score": 0.2975206611570248,
      "support": 70.0
    },
    "5.0": {
      "precision": 0.3333333333333333,
      "recall": 0.3333333333333333,
      "f1-score": 0.3333333333333333,
      "support": 3.0
    },
    "accuracy": 0.608,
    "macro avg": {
      "precision": 0.49955382921414404,
      "recall": 0.463029239184147,
      "f1-score": 0.47676030207491377,
      "support": 1000.0
    },
    "weighted avg": {
      "precision": 0.6082322195203306,
      "recall": 0.608,
      "f1-score": 0.6052083087161649,
      "support": 1000.0
    }
  }
}