{
  "overall": {
    "accuracy": 0.524,
    "precision": 0.5877148053840928,
    "recall": 0.524,
    "f1_score": 0.5470294800260025,
    "adjusted_accuracy": 0.938,
    "adjusted_precision": 0.9761852457628372,
    "adjusted_recall": 0.938,
    "adjusted_f1": 0.9542619948704782,
    "mae": 0.549,
    "mse": 0.717,
    "quadratic_kappa": 0.5024040063070465
  },
  "by_class": {
    "1.0": {
      "precision": 0.5957446808510638,
      "recall": 0.4745762711864407,
      "f1-score": 0.5283018867924528,
      "support": 59.0
    },
    "2.0": {
      "precision": 0.6042402826855123,
      "recall": 0.4723756906077348,
      "f1-score": 0.5302325581395348,
      "support": 362.0
    },
    "3.0": {
      "precision": 0.6280087527352297,
      "recall": 0.567193675889328,
      "f1-score": 0.5960539979231568,
      "support": 506.0
    },
    "4.0": {
      "precision": 0.22784810126582278,
      "recall": 0.5142857142857142,
      "f1-score": 0.3157894736842105,
      "support": 70.0
    },
    "5.0": {
      "precision": 0.03636363636363636,
      "recall": 0.6666666666666666,
      "f1-score": 0.06896551724137931,
      "support": 3.0
    },
    "accuracy": 0.524,
    "macro avg": {
      "precision": 0.4184410907802529,
      "recall": 0.5390196037271768,
      "f1-score": 0.4078686867561469,
      "support": 1000.0
    },
    "weighted avg": {
      "precision": 0.5877148053840928,
      "recall": 0.524,
      "f1-score": 0.5470294800260025,
      "support": 1000.0
    }
  }
}