{
  "overall": {
    "accuracy": 0.579,
    "precision": 0.6324460060955419,
    "recall": 0.579,
    "f1_score": 0.5862572965465435,
    "adjusted_accuracy": 0.947,
    "adjusted_precision": 0.968952918194907,
    "adjusted_recall": 0.947,
    "adjusted_f1": 0.9547656804391845,
    "mae": 0.482,
    "mse": 0.62,
    "quadratic_kappa": 0.49805699481865284
  },
  "by_class": {
    "1.0": {
      "precision": 0.6744186046511628,
      "recall": 0.4915254237288136,
      "f1-score": 0.5686274509803921,
      "support": 59.0
    },
    "2.0": {
      "precision": 0.6966824644549763,
      "recall": 0.40607734806629836,
      "f1-score": 0.5130890052356021,
      "support": 362.0
    },
    "3.0": {
      "precision": 0.6429809358752167,
      "recall": 0.733201581027668,
      "f1-score": 0.6851338873499538,
      "support": 506.0
    },
    "4.0": {
      "precision": 0.2127659574468085,
      "recall": 0.42857142857142855,
      "f1-score": 0.2843601895734597,
      "support": 70.0
    },
    "5.0": {
      "precision": 0.07142857142857142,
      "recall": 0.6666666666666666,
      "f1-score": 0.12903225806451613,
      "support": 3.0
    },
    "accuracy": 0.579,
    "macro avg": {
      "precision": 0.45965530677134714,
      "recall": 0.5452084896121749,
      "f1-score": 0.4360485582407847,
      "support": 1000.0
    },
    "weighted avg": {
      "precision": 0.6324460060955419,
      "recall": 0.579,
      "f1-score": 0.5862572965465435,
      "support": 1000.0
    }
  }
}