{
  "overall": {
    "accuracy": 0.491,
    "precision": 0.5756111753961735,
    "recall": 0.491,
    "f1_score": 0.4955507974429885,
    "adjusted_accuracy": 0.917,
    "adjusted_precision": 0.9522597381805663,
    "adjusted_recall": 0.917,
    "adjusted_f1": 0.9282857251677639,
    "mae": 0.601,
    "mse": 0.803,
    "quadratic_kappa": 0.3657829224217457
  },
  "by_class": {
    "1.0": {
      "precision": 0.8888888888888888,
      "recall": 0.13559322033898305,
      "f1-score": 0.23529411764705882,
      "support": 59.0
    },
    "2.0": {
      "precision": 0.6019900497512438,
      "recall": 0.3342541436464088,
      "f1-score": 0.42984014209591476,
      "support": 362.0
    },
    "3.0": {
      "precision": 0.5770609318996416,
      "recall": 0.6363636363636364,
      "f1-score": 0.6052631578947368,
      "support": 506.0
    },
    "4.0": {
      "precision": 0.18627450980392157,
      "recall": 0.5428571428571428,
      "f1-score": 0.2773722627737226,
      "support": 70.0
    },
    "5.0": {
      "precision": 0.07142857142857142,
      "recall": 0.6666666666666666,
      "f1-score": 0.12903225806451613,
      "support": 3.0
    },
    "accuracy": 0.491,
    "macro avg": {
      "precision": 0.4651285903544536,
      "recall": 0.4631469619745675,
      "f1-score": 0.33536038769518983,
      "support": 1000.0
    },
    "weighted avg": {
      "precision": 0.5756111753961735,
      "recall": 0.491,
      "f1-score": 0.4955507974429885,
      "support": 1000.0
    }
  }
}