{
  "overall": {
    "accuracy": 0.607,
    "precision": 0.6113350923338265,
    "recall": 0.607,
    "f1_score": 0.6073019508613182,
    "adjusted_accuracy": 0.98,
    "adjusted_precision": 0.9798733666909731,
    "adjusted_recall": 0.98,
    "adjusted_f1": 0.9793834818061354,
    "mae": 0.413,
    "mse": 0.453,
    "quadratic_kappa": 0.5494581562992313
  },
  "by_class": {
    "1.0": {
      "precision": 0.6,
      "recall": 0.4067796610169492,
      "f1-score": 0.48484848484848486,
      "support": 59.0
    },
    "2.0": {
      "precision": 0.5757575757575758,
      "recall": 0.6298342541436464,
      "f1-score": 0.6015831134564644,
      "support": 362.0
    },
    "3.0": {
      "precision": 0.6708074534161491,
      "recall": 0.6403162055335968,
      "f1-score": 0.6552072800808898,
      "support": 506.0
    },
    "4.0": {
      "precision": 0.379746835443038,
      "recall": 0.42857142857142855,
      "f1-score": 0.40268456375838924,
      "support": 70.0
    },
    "5.0": {
      "precision": 0.5,
      "recall": 0.3333333333333333,
      "f1-score": 0.4,
      "support": 3.0
    },
    "accuracy": 0.607,
    "macro avg": {
      "precision": 0.5452623729233526,
      "recall": 0.48776697651979084,
      "f1-score": 0.5088646884288457,
      "support": 1000.0
    },
    "weighted avg": {
      "precision": 0.6113350923338265,
      "recall": 0.607,
      "f1-score": 0.6073019508613182,
      "support": 1000.0
    }
  }
}