{
  "overall": {
    "accuracy": 0.566,
    "precision": 0.6209500380262113,
    "recall": 0.566,
    "f1_score": 0.5810155348260034,
    "adjusted_accuracy": 0.938,
    "adjusted_precision": 0.9695187778069501,
    "adjusted_recall": 0.938,
    "adjusted_f1": 0.9504293981046167,
    "mae": 0.505,
    "mse": 0.665,
    "quadratic_kappa": 0.48618494251452593
  },
  "by_class": {
    "1.0": {
      "precision": 0.6774193548387096,
      "recall": 0.3559322033898305,
      "f1-score": 0.4666666666666667,
      "support": 59.0
    },
    "2.0": {
      "precision": 0.6436781609195402,
      "recall": 0.46408839779005523,
      "f1-score": 0.5393258426966292,
      "support": 362.0
    },
    "3.0": {
      "precision": 0.6551059730250481,
      "recall": 0.6719367588932806,
      "f1-score": 0.6634146341463415,
      "support": 506.0
    },
    "4.0": {
      "precision": 0.23333333333333334,
      "recall": 0.5,
      "f1-score": 0.3181818181818182,
      "support": 70.0
    },
    "5.0": {
      "precision": 0.05128205128205128,
      "recall": 0.6666666666666666,
      "f1-score": 0.09523809523809523,
      "support": 3.0
    },
    "accuracy": 0.566,
    "macro avg": {
      "precision": 0.45216377467973645,
      "recall": 0.5317248053479666,
      "f1-score": 0.4165654113859102,
      "support": 1000.0
    },
    "weighted avg": {
      "precision": 0.6209500380262113,
      "recall": 0.566,
      "f1-score": 0.5810155348260034,
      "support": 1000.0
    }
  }
}