{
  "overall": {
    "accuracy": 0.643,
    "precision": 0.6399046996537658,
    "recall": 0.643,
    "f1_score": 0.6409050743139856,
    "adjusted_accuracy": 0.985,
    "adjusted_precision": 0.9850342076895438,
    "adjusted_recall": 0.985,
    "adjusted_f1": 0.9849090594947977,
    "mae": 0.372,
    "mse": 0.402,
    "quadratic_kappa": 0.5978841906469062
  },
  "by_class": {
    "1.0": {
      "precision": 0.6071428571428571,
      "recall": 0.576271186440678,
      "f1-score": 0.591304347826087,
      "support": 59.0
    },
    "2.0": {
      "precision": 0.6119791666666666,
      "recall": 0.649171270718232,
      "f1-score": 0.6300268096514745,
      "support": 362.0
    },
    "3.0": {
      "precision": 0.6992031872509961,
      "recall": 0.6936758893280632,
      "f1-score": 0.6964285714285714,
      "support": 506.0
    },
    "4.0": {
      "precision": 0.4107142857142857,
      "recall": 0.32857142857142857,
      "f1-score": 0.36507936507936506,
      "support": 70.0
    },
    "5.0": {
      "precision": 0.0,
      "recall": 0.0,
      "f1-score": 0.0,
      "support": 3.0
    },
    "accuracy": 0.643,
    "macro avg": {
      "precision": 0.46580789935496114,
      "recall": 0.44953795501168037,
      "f1-score": 0.4565678187970995,
      "support": 1000.0
    },
    "weighted avg": {
      "precision": 0.6399046996537658,
      "recall": 0.643,
      "f1-score": 0.6409050743139856,
      "support": 1000.0
    }
  }
}