{
  "overall": {
    "accuracy": 0.569,
    "precision": 0.6033955518943421,
    "recall": 0.569,
    "f1_score": 0.5769986833780709,
    "adjusted_accuracy": 0.97,
    "adjusted_precision": 0.9758758633141354,
    "adjusted_recall": 0.97,
    "adjusted_f1": 0.9721569661624616,
    "mae": 0.463,
    "mse": 0.531,
    "quadratic_kappa": 0.53637735216462
  },
  "by_class": {
    "1.0": {
      "precision": 0.6875,
      "recall": 0.3728813559322034,
      "f1-score": 0.4835164835164835,
      "support": 59.0
    },
    "2.0": {
      "precision": 0.5607940446650124,
      "recall": 0.6243093922651933,
      "f1-score": 0.5908496732026144,
      "support": 362.0
    },
    "3.0": {
      "precision": 0.6714285714285714,
      "recall": 0.5573122529644269,
      "f1-score": 0.6090712742980562,
      "support": 506.0
    },
    "4.0": {
      "precision": 0.2803030303030303,
      "recall": 0.5285714285714286,
      "f1-score": 0.36633663366336633,
      "support": 70.0
    },
    "5.0": {
      "precision": 0.15384615384615385,
      "recall": 0.6666666666666666,
      "f1-score": 0.25,
      "support": 3.0
    },
    "accuracy": 0.569,
    "macro avg": {
      "precision": 0.47077436004855355,
      "recall": 0.5499482192799837,
      "f1-score": 0.4599548129361041,
      "support": 1000.0
    },
    "weighted avg": {
      "precision": 0.6033955518943421,
      "recall": 0.569,
      "f1-score": 0.5769986833780709,
      "support": 1000.0
    }
  }
}