{
  "overall": {
    "accuracy": 0.517,
    "precision": 0.5946577634715489,
    "recall": 0.517,
    "f1_score": 0.5441712551075106,
    "adjusted_accuracy": 0.932,
    "adjusted_precision": 0.9673934350327443,
    "adjusted_recall": 0.932,
    "adjusted_f1": 0.9456772870982987,
    "mae": 0.562,
    "mse": 0.742,
    "quadratic_kappa": 0.4783875285410598
  },
  "by_class": {
    "1.0": {
      "precision": 0.5588235294117647,
      "recall": 0.3220338983050847,
      "f1-score": 0.40860215053763443,
      "support": 59.0
    },
    "2.0": {
      "precision": 0.6046511627906976,
      "recall": 0.5027624309392266,
      "f1-score": 0.5490196078431373,
      "support": 362.0
    },
    "3.0": {
      "precision": 0.6518691588785047,
      "recall": 0.5513833992094862,
      "f1-score": 0.5974304068522484,
      "support": 506.0
    },
    "4.0": {
      "precision": 0.18324607329842932,
      "recall": 0.5,
      "f1-score": 0.2681992337164751,
      "support": 70.0
    },
    "5.0": {
      "precision": 0.043478260869565216,
      "recall": 0.6666666666666666,
      "f1-score": 0.08163265306122448,
      "support": 3.0
    },
    "accuracy": 0.517,
    "macro avg": {
      "precision": 0.4084136370497923,
      "recall": 0.5085692790240928,
      "f1-score": 0.38097681040214393,
      "support": 1000.0
    },
    "weighted avg": {
      "precision": 0.5946577634715489,
      "recall": 0.517,
      "f1-score": 0.5441712551075106,
      "support": 1000.0
    }
  }
}