{
  "overall": {
    "accuracy": 0.518,
    "precision": 0.5807272849350489,
    "recall": 0.518,
    "f1_score": 0.5402009740862523,
    "adjusted_accuracy": 0.938,
    "adjusted_precision": 0.9690607246310083,
    "adjusted_recall": 0.938,
    "adjusted_f1": 0.9505681417176011,
    "mae": 0.552,
    "mse": 0.708,
    "quadratic_kappa": 0.4940775633403457
  },
  "by_class": {
    "1.0": {
      "precision": 0.5777777777777777,
      "recall": 0.4406779661016949,
      "f1-score": 0.5,
      "support": 59.0
    },
    "2.0": {
      "precision": 0.5910652920962199,
      "recall": 0.47513812154696133,
      "f1-score": 0.5267993874425727,
      "support": 362.0
    },
    "3.0": {
      "precision": 0.6280623608017817,
      "recall": 0.5573122529644269,
      "f1-score": 0.5905759162303665,
      "support": 506.0
    },
    "4.0": {
      "precision": 0.21052631578947367,
      "recall": 0.5142857142857142,
      "f1-score": 0.2987551867219917,
      "support": 70.0
    },
    "5.0": {
      "precision": 0.045454545454545456,
      "recall": 0.6666666666666666,
      "f1-score": 0.0851063829787234,
      "support": 3.0
    },
    "accuracy": 0.518,
    "macro avg": {
      "precision": 0.41057725838395964,
      "recall": 0.5308161443130928,
      "f1-score": 0.40024737467473087,
      "support": 1000.0
    },
    "weighted avg": {
      "precision": 0.5807272849350489,
      "recall": 0.518,
      "f1-score": 0.5402009740862523,
      "support": 1000.0
    }
  }
}