{
  "overall": {
    "accuracy": 0.567,
    "precision": 0.6039222610330731,
    "recall": 0.567,
    "f1_score": 0.5798486468362566,
    "adjusted_accuracy": 0.963,
    "adjusted_precision": 0.9738956446897006,
    "adjusted_recall": 0.963,
    "adjusted_f1": 0.9674830800141013,
    "mae": 0.475,
    "mse": 0.569,
    "quadratic_kappa": 0.5307758279456394
  },
  "by_class": {
    "1.0": {
      "precision": 0.627906976744186,
      "recall": 0.4576271186440678,
      "f1-score": 0.5294117647058824,
      "support": 59.0
    },
    "2.0": {
      "precision": 0.5721784776902887,
      "recall": 0.6022099447513812,
      "f1-score": 0.5868102288021534,
      "support": 362.0
    },
    "3.0": {
      "precision": 0.6744730679156908,
      "recall": 0.5691699604743083,
      "f1-score": 0.617363344051447,
      "support": 506.0
    },
    "4.0": {
      "precision": 0.2619047619047619,
      "recall": 0.4714285714285714,
      "f1-score": 0.336734693877551,
      "support": 70.0
    },
    "5.0": {
      "precision": 0.043478260869565216,
      "recall": 0.3333333333333333,
      "f1-score": 0.07692307692307693,
      "support": 3.0
    },
    "accuracy": 0.567,
    "macro avg": {
      "precision": 0.4359883090248986,
      "recall": 0.4867537857263325,
      "f1-score": 0.42944862167202213,
      "support": 1000.0
    },
    "weighted avg": {
      "precision": 0.6039222610330731,
      "recall": 0.567,
      "f1-score": 0.5798486468362566,
      "support": 1000.0
    }
  }
}