{
  "overall": {
    "accuracy": 0.571,
    "precision": 0.6138262381325501,
    "recall": 0.571,
    "f1_score": 0.5821351329949395,
    "adjusted_accuracy": 0.965,
    "adjusted_precision": 0.9740057202314629,
    "adjusted_recall": 0.965,
    "adjusted_f1": 0.9684294340255676,
    "mae": 0.467,
    "mse": 0.549,
    "quadratic_kappa": 0.5474658085277555
  },
  "by_class": {
    "1.0": {
      "precision": 0.6341463414634146,
      "recall": 0.4406779661016949,
      "f1-score": 0.52,
      "support": 59.0
    },
    "2.0": {
      "precision": 0.5704057279236276,
      "recall": 0.6602209944751382,
      "f1-score": 0.6120358514724712,
      "support": 362.0
    },
    "3.0": {
      "precision": 0.6948717948717948,
      "recall": 0.5355731225296443,
      "f1-score": 0.6049107142857143,
      "support": 506.0
    },
    "4.0": {
      "precision": 0.2578125,
      "recall": 0.4714285714285714,
      "f1-score": 0.3333333333333333,
      "support": 70.0
    },
    "5.0": {
      "precision": 0.09090909090909091,
      "recall": 0.6666666666666666,
      "f1-score": 0.16,
      "support": 3.0
    },
    "accuracy": 0.571,
    "macro avg": {
      "precision": 0.44962909103358567,
      "recall": 0.554913464240343,
      "f1-score": 0.44605597981830386,
      "support": 1000.0
    },
    "weighted avg": {
      "precision": 0.6138262381325501,
      "recall": 0.571,
      "f1-score": 0.5821351329949395,
      "support": 1000.0
    }
  }
}