{
  "overall": {
    "accuracy": 0.568,
    "precision": 0.5958966120108,
    "recall": 0.568,
    "f1_score": 0.577232533043522,
    "adjusted_accuracy": 0.97,
    "adjusted_precision": 0.9741063694120112,
    "adjusted_recall": 0.97,
    "adjusted_f1": 0.9711000849474071,
    "mae": 0.463,
    "mse": 0.527,
    "quadratic_kappa": 0.5459401709401709
  },
  "by_class": {
    "1.0": {
      "precision": 0.48936170212765956,
      "recall": 0.3898305084745763,
      "f1-score": 0.4339622641509434,
      "support": 59.0
    },
    "2.0": {
      "precision": 0.5770308123249299,
      "recall": 0.569060773480663,
      "f1-score": 0.5730180806675939,
      "support": 362.0
    },
    "3.0": {
      "precision": 0.6703786191536748,
      "recall": 0.5948616600790514,
      "f1-score": 0.6303664921465969,
      "support": 506.0
    },
    "4.0": {
      "precision": 0.2608695652173913,
      "recall": 0.5142857142857142,
      "f1-score": 0.34615384615384615,
      "support": 70.0
    },
    "5.0": {
      "precision": 0.2222222222222222,
      "recall": 0.6666666666666666,
      "f1-score": 0.3333333333333333,
      "support": 3.0
    },
    "accuracy": 0.568,
    "macro avg": {
      "precision": 0.44397258420917557,
      "recall": 0.5469410645973343,
      "f1-score": 0.46336680329046276,
      "support": 1000.0
    },
    "weighted avg": {
      "precision": 0.5958966120108,
      "recall": 0.568,
      "f1-score": 0.577232533043522,
      "support": 1000.0
    }
  }
}