{
  "overall": {
    "accuracy": 0.64,
    "precision": 0.640059574444264,
    "recall": 0.64,
    "f1_score": 0.6386877268247103,
    "adjusted_accuracy": 0.986,
    "adjusted_precision": 0.9860985926958978,
    "adjusted_recall": 0.986,
    "adjusted_f1": 0.9855407637863217,
    "mae": 0.374,
    "mse": 0.402,
    "quadratic_kappa": 0.6012854082361343
  },
  "by_class": {
    "1.0": {
      "precision": 0.5483870967741935,
      "recall": 0.576271186440678,
      "f1-score": 0.5619834710743802,
      "support": 59.0
    },
    "2.0": {
      "precision": 0.5895522388059702,
      "recall": 0.6546961325966851,
      "f1-score": 0.6204188481675392,
      "support": 362.0
    },
    "3.0": {
      "precision": 0.7151767151767152,
      "recall": 0.6798418972332015,
      "f1-score": 0.6970618034447822,
      "support": 506.0
    },
    "4.0": {
      "precision": 0.46296296296296297,
      "recall": 0.35714285714285715,
      "f1-score": 0.4032258064516129,
      "support": 70.0
    },
    "5.0": {
      "precision": 0.0,
      "recall": 0.0,
      "f1-score": 0.0,
      "support": 3.0
    },
    "accuracy": 0.64,
    "macro avg": {
      "precision": 0.4632158027439684,
      "recall": 0.45359041468268435,
      "f1-score": 0.45653798582766286,
      "support": 1000.0
    },
    "weighted avg": {
      "precision": 0.640059574444264,
      "recall": 0.64,
      "f1-score": 0.6386877268247103,
      "support": 1000.0
    }
  }
}