{
  "overall": {
    "accuracy": 0.564,
    "precision": 0.550760871559032,
    "recall": 0.564,
    "f1_score": 0.48336645604700146,
    "adjusted_accuracy": 0.962,
    "adjusted_precision": 0.9601579196545742,
    "adjusted_recall": 0.962,
    "adjusted_f1": 0.9547957067608761,
    "mae": 0.474,
    "mse": 0.55,
    "quadratic_kappa": 0.30570984225727615
  },
  "by_class": {
    "0": {
      "precision": 0.5263157894736842,
      "recall": 0.3389830508474576,
      "f1-score": 0.41237113402061853,
      "support": 59.0
    },
    "1": {
      "precision": 0.6601941747572816,
      "recall": 0.1878453038674033,
      "f1-score": 0.2924731182795699,
      "support": 362.0
    },
    "2": {
      "precision": 0.5547785547785548,
      "recall": 0.9407114624505929,
      "f1-score": 0.6979472140762464,
      "support": 506.0
    },
    "3": {
      "precision": 0.0,
      "recall": 0.0,
      "f1-score": 0.0,
      "support": 70.0
    },
    "4": {
      "precision": 0.0,
      "recall": 0.0,
      "f1-score": 0.0,
      "support": 3.0
    },
    "accuracy": 0.564,
    "macro avg": {
      "precision": 0.34825770380190413,
      "recall": 0.29350796343309077,
      "f1-score": 0.280558293275287,
      "support": 1000.0
    },
    "weighted avg": {
      "precision": 0.550760871559032,
      "recall": 0.564,
      "f1-score": 0.48336645604700146,
      "support": 1000.0
    }
  }
}