{
  "overall": {
    "accuracy": 0.673,
    "precision": 0.6681028457864358,
    "recall": 0.673,
    "f1_score": 0.6692994278887291,
    "adjusted_accuracy": 0.994,
    "adjusted_precision": 0.9940691032143453,
    "adjusted_recall": 0.994,
    "adjusted_f1": 0.9935172519526586,
    "mae": 0.334,
    "mse": 0.35,
    "quadratic_kappa": 0.6501399440223911
  },
  "by_class": {
    "1.0": {
      "precision": 0.671875,
      "recall": 0.7288135593220338,
      "f1-score": 0.6991869918699187,
      "support": 59.0
    },
    "2.0": {
      "precision": 0.646112600536193,
      "recall": 0.6657458563535912,
      "f1-score": 0.6557823129251701,
      "support": 362.0
    },
    "3.0": {
      "precision": 0.7120622568093385,
      "recall": 0.7233201581027668,
      "f1-score": 0.7176470588235294,
      "support": 506.0
    },
    "4.0": {
      "precision": 0.46808510638297873,
      "recall": 0.3142857142857143,
      "f1-score": 0.37606837606837606,
      "support": 70.0
    },
    "5.0": {
      "precision": 0.5,
      "recall": 0.3333333333333333,
      "f1-score": 0.4,
      "support": 3.0
    },
    "accuracy": 0.673,
    "macro avg": {
      "precision": 0.5996269927457021,
      "recall": 0.553099724279488,
      "f1-score": 0.5697369479373988,
      "support": 1000.0
    },
    "weighted avg": {
      "precision": 0.6681028457864358,
      "recall": 0.673,
      "f1-score": 0.6692994278887291,
      "support": 1000.0
    }
  }
}