{
  "overall": {
    "accuracy": 0.568,
    "precision": 0.6174006055864788,
    "recall": 0.568,
    "f1_score": 0.5847148253293745,
    "adjusted_accuracy": 0.962,
    "adjusted_precision": 0.9771200125333935,
    "adjusted_recall": 0.962,
    "adjusted_f1": 0.9680851662670178,
    "mae": 0.473,
    "mse": 0.561,
    "quadratic_kappa": 0.5624243407505397
  },
  "by_class": {
    "1.0": {
      "precision": 0.6756756756756757,
      "recall": 0.423728813559322,
      "f1-score": 0.5208333333333334,
      "support": 59.0
    },
    "2.0": {
      "precision": 0.6245954692556634,
      "recall": 0.5331491712707183,
      "f1-score": 0.5752608047690015,
      "support": 362.0
    },
    "3.0": {
      "precision": 0.6595744680851063,
      "recall": 0.6126482213438735,
      "f1-score": 0.6352459016393442,
      "support": 506.0
    },
    "4.0": {
      "precision": 0.25,
      "recall": 0.5428571428571428,
      "f1-score": 0.34234234234234234,
      "support": 70.0
    },
    "5.0": {
      "precision": 0.0625,
      "recall": 0.6666666666666666,
      "f1-score": 0.11428571428571428,
      "support": 3.0
    },
    "accuracy": 0.568,
    "macro avg": {
      "precision": 0.45446912260328903,
      "recall": 0.5558100031395445,
      "f1-score": 0.4375936192739472,
      "support": 1000.0
    },
    "weighted avg": {
      "precision": 0.6174006055864788,
      "recall": 0.568,
      "f1-score": 0.5847148253293745,
      "support": 1000.0
    }
  }
}