{
  "overall": {
    "accuracy": 0.62,
    "precision": 0.6159174364203455,
    "recall": 0.62,
    "f1_score": 0.6157459947215342,
    "adjusted_accuracy": 0.98,
    "adjusted_precision": 0.9801145984058947,
    "adjusted_recall": 0.98,
    "adjusted_f1": 0.9799036068703565,
    "mae": 0.4,
    "mse": 0.44,
    "quadratic_kappa": 0.5441661555802351
  },
  "by_class": {
    "1.0": {
      "precision": 0.5555555555555556,
      "recall": 0.3389830508474576,
      "f1-score": 0.42105263157894735,
      "support": 59.0
    },
    "2.0": {
      "precision": 0.5859375,
      "recall": 0.6215469613259669,
      "f1-score": 0.6032171581769437,
      "support": 362.0
    },
    "3.0": {
      "precision": 0.6794625719769674,
      "recall": 0.6996047430830039,
      "f1-score": 0.6893865628042843,
      "support": 506.0
    },
    "4.0": {
      "precision": 0.3888888888888889,
      "recall": 0.3,
      "f1-score": 0.3387096774193548,
      "support": 70.0
    },
    "5.0": {
      "precision": 0.0,
      "recall": 0.0,
      "f1-score": 0.0,
      "support": 3.0
    },
    "accuracy": 0.62,
    "macro avg": {
      "precision": 0.44196890328428234,
      "recall": 0.39202695105128565,
      "f1-score": 0.41047320599590603,
      "support": 1000.0
    },
    "weighted avg": {
      "precision": 0.6159174364203455,
      "recall": 0.62,
      "f1-score": 0.6157459947215342,
      "support": 1000.0
    }
  }
}