{
  "overall": {
    "accuracy": 0.577,
    "precision": 0.6134528365364397,
    "recall": 0.577,
    "f1_score": 0.5860751847823055,
    "adjusted_accuracy": 0.972,
    "adjusted_precision": 0.9747669281761235,
    "adjusted_recall": 0.972,
    "adjusted_f1": 0.9728081398824572,
    "mae": 0.452,
    "mse": 0.512,
    "quadratic_kappa": 0.5661252271063264
  },
  "by_class": {
    "1.0": {
      "precision": 0.5581395348837209,
      "recall": 0.4067796610169492,
      "f1-score": 0.47058823529411764,
      "support": 59.0
    },
    "2.0": {
      "precision": 0.5793650793650794,
      "recall": 0.6049723756906077,
      "f1-score": 0.5918918918918918,
      "support": 362.0
    },
    "3.0": {
      "precision": 0.6908212560386473,
      "recall": 0.5652173913043478,
      "f1-score": 0.6217391304347826,
      "support": 506.0
    },
    "4.0": {
      "precision": 0.2911392405063291,
      "recall": 0.6571428571428571,
      "f1-score": 0.40350877192982454,
      "support": 70.0
    },
    "5.0": {
      "precision": 0.2857142857142857,
      "recall": 0.6666666666666666,
      "f1-score": 0.4,
      "support": 3.0
    },
    "accuracy": 0.577,
    "macro avg": {
      "precision": 0.48103587930161246,
      "recall": 0.5801557903642857,
      "f1-score": 0.49754560591012337,
      "support": 1000.0
    },
    "weighted avg": {
      "precision": 0.6134528365364397,
      "recall": 0.577,
      "f1-score": 0.5860751847823055,
      "support": 1000.0
    }
  }
}