{
  "overall": {
    "accuracy": 0.563,
    "precision": 0.5790608421812315,
    "recall": 0.563,
    "f1_score": 0.5666851481094749,
    "adjusted_accuracy": 0.981,
    "adjusted_precision": 0.9814107260726073,
    "adjusted_recall": 0.981,
    "adjusted_f1": 0.9811358531961749,
    "mae": 0.456,
    "mse": 0.494,
    "quadratic_kappa": 0.5463494908829104
  },
  "by_class": {
    "1.0": {
      "precision": 0.42592592592592593,
      "recall": 0.3898305084745763,
      "f1-score": 0.40707964601769914,
      "support": 59.0
    },
    "2.0": {
      "precision": 0.5234741784037559,
      "recall": 0.6160220994475138,
      "f1-score": 0.565989847715736,
      "support": 362.0
    },
    "3.0": {
      "precision": 0.6729411764705883,
      "recall": 0.5652173913043478,
      "f1-score": 0.6143931256713212,
      "support": 506.0
    },
    "4.0": {
      "precision": 0.32954545454545453,
      "recall": 0.4142857142857143,
      "f1-score": 0.3670886075949367,
      "support": 70.0
    },
    "5.0": {
      "precision": 0.2857142857142857,
      "recall": 0.6666666666666666,
      "f1-score": 0.4,
      "support": 3.0
    },
    "accuracy": 0.563,
    "macro avg": {
      "precision": 0.44752020421200206,
      "recall": 0.5304044760357638,
      "f1-score": 0.47091024539993864,
      "support": 1000.0
    },
    "weighted avg": {
      "precision": 0.5790608421812315,
      "recall": 0.563,
      "f1-score": 0.5666851481094749,
      "support": 1000.0
    }
  }
}