{
  "overall": {
    "accuracy": 0.588,
    "precision": 0.6059601501892272,
    "recall": 0.588,
    "f1_score": 0.5909958661777664,
    "adjusted_accuracy": 0.977,
    "adjusted_precision": 0.9777076039506695,
    "adjusted_recall": 0.977,
    "adjusted_f1": 0.9772383064030751,
    "mae": 0.436,
    "mse": 0.486,
    "quadratic_kappa": 0.5496864483418085
  },
  "by_class": {
    "1.0": {
      "precision": 0.42,
      "recall": 0.3559322033898305,
      "f1-score": 0.3853211009174312,
      "support": 59.0
    },
    "2.0": {
      "precision": 0.5575620767494357,
      "recall": 0.6823204419889503,
      "f1-score": 0.613664596273292,
      "support": 362.0
    },
    "3.0": {
      "precision": 0.7115384615384616,
      "recall": 0.5849802371541502,
      "f1-score": 0.6420824295010846,
      "support": 506.0
    },
    "4.0": {
      "precision": 0.26506024096385544,
      "recall": 0.3142857142857143,
      "f1-score": 0.2875816993464052,
      "support": 70.0
    },
    "5.0": {
      "precision": 0.25,
      "recall": 0.6666666666666666,
      "f1-score": 0.36363636363636365,
      "support": 3.0
    },
    "accuracy": 0.588,
    "macro avg": {
      "precision": 0.44083215585035057,
      "recall": 0.5208370526970624,
      "f1-score": 0.45845723793491533,
      "support": 1000.0
    },
    "weighted avg": {
      "precision": 0.6059601501892272,
      "recall": 0.588,
      "f1-score": 0.5909958661777664,
      "support": 1000.0
    }
  }
}