{
  "overall": {
    "accuracy": 0.51,
    "precision": 0.5611478363310547,
    "recall": 0.51,
    "f1_score": 0.5137047895305609,
    "adjusted_accuracy": 0.937,
    "adjusted_precision": 0.9679501040211589,
    "adjusted_recall": 0.937,
    "adjusted_f1": 0.9493910747768532,
    "mae": 0.564,
    "mse": 0.734,
    "quadratic_kappa": 0.3860330036536891
  },
  "by_class": {
    "1.0": {
      "precision": 0.8333333333333334,
      "recall": 0.0847457627118644,
      "f1-score": 0.15384615384615385,
      "support": 59.0
    },
    "2.0": {
      "precision": 0.5278688524590164,
      "recall": 0.4447513812154696,
      "f1-score": 0.4827586206896552,
      "support": 362.0
    },
    "3.0": {
      "precision": 0.6038461538461538,
      "recall": 0.6205533596837944,
      "f1-score": 0.6120857699805068,
      "support": 506.0
    },
    "4.0": {
      "precision": 0.21804511278195488,
      "recall": 0.4142857142857143,
      "f1-score": 0.2857142857142857,
      "support": 70.0
    },
    "5.0": {
      "precision": 0.027777777777777776,
      "recall": 0.3333333333333333,
      "f1-score": 0.05128205128205128,
      "support": 3.0
    },
    "accuracy": 0.51,
    "macro avg": {
      "precision": 0.4421742460396472,
      "recall": 0.3795339102460352,
      "f1-score": 0.3171373763025306,
      "support": 1000.0
    },
    "weighted avg": {
      "precision": 0.5611478363310547,
      "recall": 0.51,
      "f1-score": 0.5137047895305609,
      "support": 1000.0
    }
  }
}