{
  "overall": {
    "accuracy": 0.583,
    "precision": 0.5939610525726032,
    "recall": 0.583,
    "f1_score": 0.5874841039668601,
    "adjusted_accuracy": 0.983,
    "adjusted_precision": 0.9835201977731907,
    "adjusted_recall": 0.983,
    "adjusted_f1": 0.9830827372020099,
    "mae": 0.434,
    "mse": 0.468,
    "quadratic_kappa": 0.5708374904630553
  },
  "by_class": {
    "1.0": {
      "precision": 0.4126984126984127,
      "recall": 0.4406779661016949,
      "f1-score": 0.4262295081967213,
      "support": 59.0
    },
    "2.0": {
      "precision": 0.5686813186813187,
      "recall": 0.5718232044198895,
      "f1-score": 0.5702479338842975,
      "support": 362.0
    },
    "3.0": {
      "precision": 0.6751054852320675,
      "recall": 0.6324110671936759,
      "f1-score": 0.6530612244897959,
      "support": 506.0
    },
    "4.0": {
      "precision": 0.3020833333333333,
      "recall": 0.4142857142857143,
      "f1-score": 0.3493975903614458,
      "support": 70.0
    },
    "5.0": {
      "precision": 0.3333333333333333,
      "recall": 0.3333333333333333,
      "f1-score": 0.3333333333333333,
      "support": 3.0
    },
    "accuracy": 0.583,
    "macro avg": {
      "precision": 0.45838037665569303,
      "recall": 0.4785062570668616,
      "f1-score": 0.46645391805311875,
      "support": 1000.0
    },
    "weighted avg": {
      "precision": 0.5939610525726032,
      "recall": 0.583,
      "f1-score": 0.5874841039668601,
      "support": 1000.0
    }
  }
}