{
  "overall": {
    "accuracy": 0.592,
    "precision": 0.6126714372559454,
    "recall": 0.592,
    "f1_score": 0.5921554223173745,
    "adjusted_accuracy": 0.982,
    "adjusted_precision": 0.982464723314341,
    "adjusted_recall": 0.982,
    "adjusted_f1": 0.9821334951688915,
    "mae": 0.426,
    "mse": 0.462,
    "quadratic_kappa": 0.5577085088458298
  },
  "by_class": {
    "1.0": {
      "precision": 0.5294117647058824,
      "recall": 0.3050847457627119,
      "f1-score": 0.3870967741935484,
      "support": 59.0
    },
    "2.0": {
      "precision": 0.556989247311828,
      "recall": 0.7154696132596685,
      "f1-score": 0.626360338573156,
      "support": 362.0
    },
    "3.0": {
      "precision": 0.7039800995024875,
      "recall": 0.5592885375494071,
      "f1-score": 0.6233480176211453,
      "support": 506.0
    },
    "4.0": {
      "precision": 0.3263157894736842,
      "recall": 0.44285714285714284,
      "f1-score": 0.37575757575757573,
      "support": 70.0
    },
    "5.0": {
      "precision": 0.25,
      "recall": 0.3333333333333333,
      "f1-score": 0.2857142857142857,
      "support": 3.0
    },
    "accuracy": 0.592,
    "macro avg": {
      "precision": 0.47333938019877647,
      "recall": 0.47120667455245285,
      "f1-score": 0.45965539837194225,
      "support": 1000.0
    },
    "weighted avg": {
      "precision": 0.6126714372559454,
      "recall": 0.592,
      "f1-score": 0.5921554223173745,
      "support": 1000.0
    }
  }
}