{
  "overall": {
    "accuracy": 0.475,
    "precision": 0.5465775768302709,
    "recall": 0.475,
    "f1_score": 0.4880172956016977,
    "adjusted_accuracy": 0.924,
    "adjusted_precision": 0.9683252570914267,
    "adjusted_recall": 0.924,
    "adjusted_f1": 0.9435472827219983,
    "mae": 0.615,
    "mse": 0.823,
    "quadratic_kappa": 0.3921282454295134
  },
  "by_class": {
    "1.0": {
      "precision": 0.7777777777777778,
      "recall": 0.11864406779661017,
      "f1-score": 0.20588235294117646,
      "support": 59.0
    },
    "2.0": {
      "precision": 0.49521531100478466,
      "recall": 0.5718232044198895,
      "f1-score": 0.5307692307692308,
      "support": 362.0
    },
    "3.0": {
      "precision": 0.6077922077922078,
      "recall": 0.4624505928853755,
      "f1-score": 0.5252525252525253,
      "support": 506.0
    },
    "4.0": {
      "precision": 0.1968503937007874,
      "recall": 0.35714285714285715,
      "f1-score": 0.25380710659898476,
      "support": 70.0
    },
    "5.0": {
      "precision": 0.03278688524590164,
      "recall": 0.6666666666666666,
      "f1-score": 0.0625,
      "support": 3.0
    },
    "accuracy": 0.475,
    "macro avg": {
      "precision": 0.42208451510429185,
      "recall": 0.43534547778227983,
      "f1-score": 0.3156422431123834,
      "support": 1000.0
    },
    "weighted avg": {
      "precision": 0.5465775768302709,
      "recall": 0.475,
      "f1-score": 0.4880172956016977,
      "support": 1000.0
    }
  }
}