{
  "high_impact_diseases": {
    "Other": {
      "accuracy": 0.7974683544303798,
      "precision": 0.7979771655497642,
      "recall": 0.7974683544303798,
      "f1_score": 0.7970146448850289
    },
    "Cardiovascular Disease": {
      "accuracy": 0.9285714285714286,
      "precision": 0.9365079365079365,
      "recall": 0.9285714285714286,
      "f1_score": 0.9269307723089234
    },
    "Type 2 Diabetes Mellitus": {
      "accuracy": 0.7204301075268817,
      "precision": 0.7627471383975026,
      "recall": 0.7204301075268817,
      "f1_score": 0.7299750662303256
    },
    "Chronic Kidney Disease": {
      "accuracy": 0.696969696969697,
      "precision": 0.758494031221304,
      "recall": 0.696969696969697,
      "f1_score": 0.692154336891179
    },
    "Anemia": {
      "accuracy": 0.6666666666666666,
      "precision": 0.6924603174603176,
      "recall": 0.6666666666666666,
      "f1_score": 0.6610971874129768
    },
    "Hypertension": {
      "accuracy": 0.7058823529411765,
      "precision": 0.7285000166074335,
      "recall": 0.7058823529411765,
      "f1_score": 0.7058536360924778
    },
    "Myocardial Infarction (Heart Attack)": {
      "accuracy": 0.55,
      "precision": 0.5928571428571429,
      "recall": 0.55,
      "f1_score": 0.5566666666666666
    },
    "Acute Coronary Syndrome": {
      "accuracy": 1.0,
      "precision": 1.0,
      "recall": 1.0,
      "f1_score": 1.0
    },
    "Human Immunodeficiency Virus (HIV)": {
      "accuracy": 0.8260869565217391,
      "precision": 0.8695652173913043,
      "recall": 0.8260869565217391,
      "f1_score": 0.8240802675585285
    },
    "Chronic Obstructive Pulmonary Disease (COPD)": {
      "accuracy": 0.7407407407407407,
      "precision": 0.8038800705467372,
      "recall": 0.7407407407407407,
      "f1_score": 0.7530077039880962
    },
    "Liver Cirrhosis": {
      "accuracy": 0.7692307692307693,
      "precision": 0.8556776556776555,
      "recall": 0.7692307692307693,
      "f1_score": 0.7999639249639251
    },
    "Asthma": {
      "accuracy": 0.7428571428571429,
      "precision": 0.7979797979797979,
      "recall": 0.7428571428571429,
      "f1_score": 0.7516518569150147
    },
    "Breast Cancer": {
      "accuracy": 0.8666666666666667,
      "precision": 0.8873015873015874,
      "recall": 0.8666666666666667,
      "f1_score": 0.8500388500388499
    },
    "Stroke": {
      "accuracy": 0.5333333333333333,
      "precision": 0.5777777777777777,
      "recall": 0.5333333333333333,
      "f1_score": 0.5033333333333334
    },
    "Sepsis": {
      "accuracy": 0.8125,
      "precision": 0.953125,
      "recall": 0.8125,
      "f1_score": 0.8496527777777777
    },
    "Osteoarthritis": {
      "accuracy": 0.7333333333333333,
      "precision": 0.8666666666666667,
      "recall": 0.7333333333333333,
      "f1_score": 0.7644444444444446
    },
    "Rheumatoid Arthritis": {
      "accuracy": 0.25,
      "precision": 0.25,
      "recall": 0.25,
      "f1_score": 0.25
    },
    "Lung Cancer": {
      "accuracy": 0.85,
      "precision": 0.8542857142857143,
      "recall": 0.85,
      "f1_score": 0.848951048951049
    },
    "Obesity": {
      "accuracy": 0.775,
      "precision": 0.8142701048951049,
      "recall": 0.775,
      "f1_score": 0.7784485724114207
    },
    "Colorectal Cancer": {
      "accuracy": 0.6666666666666666,
      "precision": 0.736111111111111,
      "recall": 0.6666666666666666,
      "f1_score": 0.6569444444444444
    },
    "Alzheimer's Disease": {
      "accuracy": 0.8181818181818182,
      "precision": 0.8939393939393938,
      "recall": 0.8181818181818182,
      "f1_score": 0.8231404958677686
    },
    "Schizophrenia": {
      "accuracy": 1.0,
      "precision": 1.0,
      "recall": 1.0,
      "f1_score": 1.0
    },
    "Acute Kidney Injury": {
      "accuracy": 0.5714285714285714,
      "precision": 0.47619047619047616,
      "recall": 0.5714285714285714,
      "f1_score": 0.5142857142857143
    },
    "Parkinson's Disease": {
      "accuracy": 1.0,
      "precision": 1.0,
      "recall": 1.0,
      "f1_score": 1.0
    },
    "Congestive Heart Failure": {
      "accuracy": 0.625,
      "precision": 0.671577380952381,
      "recall": 0.625,
      "f1_score": 0.6370642701525054
    },
    "Hepatitis C": {
      "accuracy": 0.8125,
      "precision": 0.890625,
      "recall": 0.8125,
      "f1_score": 0.8161630036630036
    },
    "Major Depression": {
      "accuracy": 0.6666666666666666,
      "precision": 0.7055555555555555,
      "recall": 0.6666666666666666,
      "f1_score": 0.6681096681096681
    },
    "Bladder Cancer": {
      "accuracy": 1.0,
      "precision": 1.0,
      "recall": 1.0,
      "f1_score": 1.0
    },
    "Dementia": {
      "accuracy": 1.0,
      "precision": 1.0,
      "recall": 1.0,
      "f1_score": 1.0
    },
    "Lymphoma": {
      "accuracy": 0.5,
      "precision": 0.5,
      "recall": 0.5,
      "f1_score": 0.5
    },
    "Hyperlipidemia": {
      "accuracy": 1.0,
      "precision": 1.0,
      "recall": 1.0,
      "f1_score": 1.0
    },
    "Gestational Diabetes": {
      "accuracy": 1.0,
      "precision": 1.0,
      "recall": 1.0,
      "f1_score": 1.0
    },
    "Prostate Cancer": {
      "accuracy": 0.8333333333333334,
      "precision": 1.0,
      "recall": 0.8333333333333334,
      "f1_score": 0.9
    },
    "Pancreatic Cancer": {
      "accuracy": 1.0,
      "precision": 1.0,
      "recall": 1.0,
      "f1_score": 1.0
    },
    "Alcohol Use Disorder": {
      "accuracy": 1.0,
      "precision": 1.0,
      "recall": 1.0,
      "f1_score": 1.0
    },
    "Peripheral Arterial Disease": {
      "accuracy": 1.0,
      "precision": 1.0,
      "recall": 1.0,
      "f1_score": 1.0
    },
    "Tuberculosis": {
      "accuracy": 1.0,
      "precision": 1.0,
      "recall": 1.0,
      "f1_score": 1.0
    },
    "Pneumonia": {
      "accuracy": 0.5,
      "precision": 0.5,
      "recall": 0.5,
      "f1_score": 0.5
    },
    "Thyroid Cancer": {
      "accuracy": 1.0,
      "precision": 1.0,
      "recall": 1.0,
      "f1_score": 1.0
    },
    "Ovarian Cancer": {
      "accuracy": 1.0,
      "precision": 1.0,
      "recall": 1.0,
      "f1_score": 1.0
    },
    "Renal Cell Carcinoma": {
      "accuracy": 1.0,
      "precision": 1.0,
      "recall": 1.0,
      "f1_score": 1.0
    },
    "Osteomyelitis": {
      "accuracy": 1.0,
      "precision": 1.0,
      "recall": 1.0,
      "f1_score": 1.0
    }
  },
  "question_types": {
    "Ethics": {
      "accuracy": 0.7142857142857143,
      "precision": 0.7857142857142857,
      "recall": 0.7142857142857143,
      "f1_score": 0.7238095238095238
    },
    "Adverse Effects": {
      "accuracy": 0.8235294117647058,
      "precision": 0.8949579831932774,
      "recall": 0.8235294117647058,
      "f1_score": 0.8429724831108913
    },
    "Pathophysiology": {
      "accuracy": 0.7678571428571429,
      "precision": 0.7789710289710289,
      "recall": 0.7678571428571429,
      "f1_score": 0.770342834698687
    },
    "Etiology": {
      "accuracy": 0.751937984496124,
      "precision": 0.7642324833715107,
      "recall": 0.751937984496124,
      "f1_score": 0.7479495379743498
    },
    "Diagnostic": {
      "accuracy": 0.782608695652174,
      "precision": 0.796880011481147,
      "recall": 0.782608695652174,
      "f1_score": 0.7854641953399717
    },
    "Treatment": {
      "accuracy": 0.7592592592592593,
      "precision": 0.7846883142909178,
      "recall": 0.7592592592592593,
      "f1_score": 0.7682317990253131
    },
    "Epidemiology": {
      "accuracy": 0.75,
      "precision": 0.7571428571428571,
      "recall": 0.75,
      "f1_score": 0.7378917378917379
    },
    "Prognosis": {
      "accuracy": 0.7777777777777778,
      "precision": 0.7658201058201058,
      "recall": 0.7777777777777778,
      "f1_score": 0.7652924417630299
    },
    "Prevention": {
      "accuracy": 0.6666666666666666,
      "precision": 0.7666666666666666,
      "recall": 0.6666666666666666,