{
  "accuracy": 0.746268656716418,
  "precision": 0.7648966661589655,
  "recall": 0.746268656716418,
  "f1_score": 0.7543853510961349
}