{
  "accuracy": 0.742,
  "precision": 0.7597418721298761,
  "recall": 0.742,
  "f1_score": 0.7491547170584388
}