{
  "concepts": {
    "informed consent": {
      "accuracy": 0.6666666666666666,
      "precision": 0.75,
      "recall": 0.6666666666666666,
      "f1_score": 0.6666666666666669
    },
    "acute kidney injury": {
      "accuracy": 0.5652173913043478,
      "precision": 0.6490683229813665,
      "recall": 0.5652173913043478,
      "f1_score": 0.5618357487922705
    },
    "diabetes mellitus": {
      "accuracy": 0.6333333333333333,
      "precision": 0.7428571428571428,
      "recall": 0.6333333333333333,
      "f1_score": 0.654320987654321
    },
    "erythrocyte sedimentation rate": {
      "accuracy": 0.8181818181818182,
      "precision": 0.9393939393939394,
      "recall": 0.8181818181818182,
      "f1_score": 0.851082251082251
    },
    "thrombocytopenia": {
      "accuracy": 0.6071428571428571,
      "precision": 0.6408730158730158,
      "recall": 0.6071428571428571,
      "f1_score": 0.6161191749427044
    },
    "chest pain": {
      "accuracy": 0.78125,
      "precision": 0.7751623376623377,
      "recall": 0.78125,
      "f1_score": 0.7767857142857143
    },
    "nausea": {
      "accuracy": 0.6333333333333333,
      "precision": 0.7422222222222222,
      "recall": 0.6333333333333333,
      "f1_score": 0.614692387076288
    },
    "hypertension": {
      "accuracy": 0.6857142857142857,
      "precision": 0.7040109890109891,
      "recall": 0.6857142857142857,
      "f1_score": 0.6870954095924083
    },
    "smoking": {
      "accuracy": 0.7241379310344828,
      "precision": 0.8019704433497538,
      "recall": 0.7241379310344828,
      "f1_score": 0.7313500112688753
    },
    "diaphoresis": {
      "accuracy": 0.6153846153846154,
      "precision": 0.676923076923077,
      "recall": 0.6153846153846154,
      "f1_score": 0.6089743589743589
    },
    "diabetes": {
      "accuracy": 0.6666666666666666,
      "precision": 0.76,
      "recall": 0.6666666666666666,
      "f1_score": 0.6648148148148147
    },
    "hiv": {
      "accuracy": 0.7647058823529411,
      "precision": 0.8403361344537814,
      "recall": 0.7647058823529411,
      "f1_score": 0.7647058823529411
    },
    "prenatal care": {
      "accuracy": 0.8,
      "precision": 0.8555555555555556,
      "recall": 0.8,
      "f1_score": 0.8152380952380953
    },
    "anemia": {
      "accuracy": 0.5625,
      "precision": 0.584753787878788,
      "recall": 0.5625,
      "f1_score": 0.5610119047619048
    },
    "splenomegaly": {
      "accuracy": 0.5714285714285714,
      "precision": 0.5178571428571429,
      "recall": 0.5714285714285714,
      "f1_score": 0.5285714285714286
    },
    "weight loss": {
      "accuracy": 0.7045454545454546,
      "precision": 0.7401859504132232,
      "recall": 0.7045454545454546,
      "f1_score": 0.7134387351778656
    },
    "night sweats": {
      "accuracy": 0.5454545454545454,
      "precision": 0.7727272727272727,
      "recall": 0.5454545454545454,
      "f1_score": 0.5151515151515151
    },
    "fatigue": {
      "accuracy": 0.7105263157894737,
      "precision": 0.7454606796712059,
      "recall": 0.7105263157894737,
      "f1_score": 0.7227795845291933
    },
    "smoking history": {
      "accuracy": 0.8461538461538461,
      "precision": 0.9153846153846155,
      "recall": 0.8461538461538461,
      "f1_score": 0.8634615384615384
    },
    "abdominal pain": {
      "accuracy": 0.7551020408163265,
      "precision": 0.7497981610226508,
      "recall": 0.7551020408163265,
      "f1_score": 0.7468072714035447
    },
    "vomiting": {
      "accuracy": 0.6666666666666666,
      "precision": 0.6700617283950618,
      "recall": 0.6666666666666666,
      "f1_score": 0.6634505654113496
    },
    "ct scan": {
      "accuracy": 0.7,
      "precision": 0.8666666666666666,
      "recall": 0.7,
      "f1_score": 0.7028571428571428
    },
    "asthma": {
      "accuracy": 0.65,
      "precision": 0.6875,
      "recall": 0.65,
      "f1_score": 0.6533333333333333
    },
    "family history": {
      "accuracy": 0.8461538461538461,
      "precision": 0.9487179487179488,
      "recall": 0.8461538461538461,
      "f1_score": 0.8759906759906759
    },
    "alcohol use": {
      "accuracy": 0.7692307692307693,
      "precision": 0.7692307692307693,
      "recall": 0.7692307692307693,
      "f1_score": 0.7604395604395605
    },
    "vital signs": {
      "accuracy": 0.8333333333333334,
      "precision": 0.8888888888888888,
      "recall": 0.8333333333333334,
      "f1_score": 0.8333333333333334
    },
    "altered mental status": {
      "accuracy": 0.7647058823529411,
      "precision": 0.8172268907563025,
      "recall": 0.7647058823529411,
      "f1_score": 0.7823744882568412
    },
    "neurological examination": {
      "accuracy": 0.6153846153846154,
      "precision": 0.6780719280719281,
      "recall": 0.6153846153846154,
      "f1_score": 0.6217116217116219
    },
    "electrolyte imbalance": {
      "accuracy": 0.4782608695652174,
      "precision": 0.5898550724637681,
      "recall": 0.4782608695652174,
      "f1_score": 0.5064558629776021
    },
    "travel history": {
      "accuracy": 0.6666666666666666,
      "precision": 0.727891156462585,
      "recall": 0.6666666666666666,
      "f1_score": 0.6840659340659341
    },
    "lymphadenopathy": {
      "accuracy": 0.7058823529411765,
      "precision": 0.8207282913165266,
      "recall": 0.7058823529411765,
      "f1_score": 0.7223622782446313
    },
    "cyanosis": {
      "accuracy": 0.8,
      "precision": 0.8833333333333332,
      "recall": 0.8,
      "f1_score": 0.8095238095238095
    },
    "fever": {
      "accuracy": 0.7746478873239436,
      "precision": 0.7927397719651241,
      "recall": 0.7746478873239436,
      "f1_score": 0.7815421943425257
    },
    "chills": {
      "accuracy": 0.75,
      "precision": 0.8055555555555555,
      "recall": 0.75,
      "f1_score": 0.7666666666666666
    },
    "headaches": {
      "accuracy": 0.8181818181818182,
      "precision": 1.0,
      "recall": 0.8181818181818182,
      "f1_score": 0.8935064935064936
    },
    "joint pain": {
      "accuracy": 0.7333333333333333,
      "precision": 0.7688888888888887,
      "recall": 0.7333333333333333,
      "f1_score": 0.7294612794612795
    },
    "pneumonia": {
      "accuracy": 0.6,
      "precision": 0.7033333333333334,
      "recall": 0.6,
      "f1_score": 0.6150793650793651
    },
    "wheezing": {
      "accuracy": 0.7142857142857143,
      "precision": 0.8285714285714286,
      "recall": 0.7142857142857143,
      "f1_score": 0.7023809523809523
    },
    "respiratory distress": {
      "accuracy": 0.8571428571428571,
      "precision": 0.9183673469387754,
      "recall": 0.8571428571428571,
      "f1_score": 0.863924963924964
    },
    "dehydration": {
      "accuracy": 0.782608695652174,
      "precision": 0.8405797101449275,
      "recall": 0.782608695652174,
      "f1_score": 0.8032608695652175
    },
    "obesity": {
      "accuracy": 0.7948717948717948,
      "precision": 0.8151709401709402,
      "recall": 0.7948717948717948,
      "f1_score": 0.7945900253592562
    },
    "leukocytosis": {
      "accuracy": 0.8695652173913043,
      "precision": 0.9275362318840581,
      "recall": 0.8695652173913043,
      "f1_score": 0.8826086956521739
    },
    "heart failure": {
      "accuracy": 0.625,
      "precision": 0.6875,
      "recall": 0.625,
      "f1_score": 0.6460622710622711
    },
    "shortness of breath": {
      "accuracy": 0.7837837837837838,
      "precision": 0.829092079092079,
      "recall": 0.7837837837837838,
      "f1_score": 0.7938438438438438
    },
    "palpitations": {
      "accuracy": 0.4666666666666667,
      "precision": 0.5777777777777777,
      "recall": 0.4666666666666667,
      "f1_score": 0.48000000000000004
    },
    "leukopenia": {
      "accuracy": 0.6,
      "precision": 0.7333333333333333,
      "recall": 0.6,
      "f1_score": 0.6419047619047619
    },
    "diarrhea": {
      "accuracy": 0.52,
      "precision": 0.5257142857142857,