{
  "accuracy": 0.76,
  "precision": 0.7888943084681738,
  "recall": 0.76,
  "f1_score": 0.7678112148473847
}