{
  "overall": {
    "accuracy": 0.581081081081081,
    "precision": 0.7218546243314045,
    "recall": 0.581081081081081,
    "f1_score": 0.5851554562080878,
    "adjusted_accuracy": 0.9459459459459459,
    "adjusted_precision": 0.9594594594594594,
    "adjusted_recall": 0.9459459459459459,
    "adjusted_f1": 0.9459459459459459,
    "mae": 0.47297297297297297,
    "mse": 0.581081081081081,
    "quadratic_kappa": 0.8153221125943122
  },
  "by_class": {
    "1": {
      "precision": 1.0,
      "recall": 0.5384615384615384,
      "f1-score": 0.7,
      "support": 13.0
    },
    "2": {
      "precision": 0.6842105263157895,
      "recall": 0.65,
      "f1-score": 0.6666666666666666,
      "support": 20.0
    },
    "3": {
      "precision": 0.38461538461538464,
      "recall": 0.8333333333333334,
      "f1-score": 0.5263157894736842,
      "support": 12.0
    },
    "4": {
      "precision": 0.47058823529411764,
      "recall": 0.6153846153846154,
      "f1-score": 0.5333333333333333,
      "support": 13.0
    },
    "5": {
      "precision": 1.0,
      "recall": 0.3125,
      "f1-score": 0.47619047619047616,
      "support": 16.0
    },
    "accuracy": 0.581081081081081,
    "macro avg": {
      "precision": 0.7078828292450583,
      "recall": 0.5899358974358975,
      "f1-score": 0.5805012531328321,
      "support": 74.0
    },
    "weighted avg": {
      "precision": 0.7218546243314045,
      "recall": 0.581081081081081,
      "f1-score": 0.5851554562080878,
      "support": 74.0
    }
  }
}