{
  "overall": {
    "accuracy": 0.5,
    "precision": 0.5975014423290286,
    "recall": 0.5,
    "f1_score": 0.5161493572045004,
    "adjusted_accuracy": 0.918918918918919,
    "adjusted_precision": 0.9394352335528806,
    "adjusted_recall": 0.918918918918919,
    "adjusted_f1": 0.9183819816452281,
    "mae": 0.581081081081081,
    "mse": 0.7432432432432432,
    "quadratic_kappa": 0.7808764940239044
  },
  "by_class": {
    "1": {
      "precision": 1.0,
      "recall": 0.7692307692307693,
      "f1-score": 0.8695652173913043,
      "support": 13.0
    },
    "2": {
      "precision": 0.5833333333333334,
      "recall": 0.35,
      "f1-score": 0.4375,
      "support": 20.0
    },
    "3": {
      "precision": 0.27586206896551724,
      "recall": 0.6666666666666666,
      "f1-score": 0.3902439024390244,
      "support": 12.0
    },
    "4": {
      "precision": 0.42857142857142855,
      "recall": 0.46153846153846156,
      "f1-score": 0.4444444444444444,
      "support": 13.0
    },
    "5": {
      "precision": 0.6666666666666666,
      "recall": 0.375,
      "f1-score": 0.48,
      "support": 16.0
    },
    "accuracy": 0.5,
    "macro avg": {
      "precision": 0.5908866995073891,
      "recall": 0.5244871794871795,
      "f1-score": 0.5243507128549546,
      "support": 74.0
    },
    "weighted avg": {
      "precision": 0.5975014423290286,
      "recall": 0.5,
      "f1-score": 0.5161493572045004,
      "support": 74.0
    }
  }
}