{
  "overall": {
    "accuracy": 0.44594594594594594,
    "precision": 0.5600171600171601,
    "recall": 0.44594594594594594,
    "f1_score": 0.4510251778544461,
    "adjusted_accuracy": 0.8378378378378378,
    "adjusted_precision": 0.8790218790218791,
    "adjusted_recall": 0.8378378378378378,
    "adjusted_f1": 0.8289192055257804,
    "mae": 0.7162162162162162,
    "mse": 1.0405405405405406,
    "quadratic_kappa": 0.6601455326255518
  },
  "by_class": {
    "1": {
      "precision": 0.8571428571428571,
      "recall": 0.46153846153846156,
      "f1-score": 0.6,
      "support": 13.0
    },
    "2": {
      "precision": 0.5238095238095238,
      "recall": 0.55,
      "f1-score": 0.5365853658536586,
      "support": 20.0
    },
    "3": {
      "precision": 0.25,
      "recall": 0.6666666666666666,
      "f1-score": 0.36363636363636365,
      "support": 12.0
    },
    "4": {
      "precision": 0.5555555555555556,
      "recall": 0.38461538461538464,
      "f1-score": 0.45454545454545453,
      "support": 13.0
    },
    "5": {
      "precision": 0.6,
      "recall": 0.1875,
      "f1-score": 0.2857142857142857,
      "support": 16.0
    },
    "accuracy": 0.44594594594594594,
    "macro avg": {
      "precision": 0.5573015873015874,
      "recall": 0.4500641025641025,
      "f1-score": 0.44809629394995254,
      "support": 74.0
    },
    "weighted avg": {
      "precision": 0.5600171600171601,
      "recall": 0.44594594594594594,
      "f1-score": 0.4510251778544461,
      "support": 74.0
    }
  }
}