{
  "overall": {
    "accuracy": 0.5540540540540541,
    "precision": 0.6073696308990427,
    "recall": 0.5540540540540541,
    "f1_score": 0.5540245634252685,
    "adjusted_accuracy": 0.9594594594594594,
    "adjusted_precision": 0.9606375606375606,
    "adjusted_recall": 0.9594594594594594,
    "adjusted_f1": 0.9596163905841326,
    "mae": 0.4864864864864865,
    "mse": 0.5675675675675675,
    "quadratic_kappa": 0.835920177383592
  },
  "by_class": {
    "1": {
      "precision": 0.9,
      "recall": 0.6923076923076923,
      "f1-score": 0.782608695652174,
      "support": 13.0
    },
    "2": {
      "precision": 0.7058823529411765,
      "recall": 0.6,
      "f1-score": 0.6486486486486487,
      "support": 20.0
    },
    "3": {
      "precision": 0.3888888888888889,
      "recall": 0.5833333333333334,
      "f1-score": 0.4666666666666667,
      "support": 12.0
    },
    "4": {
      "precision": 0.4090909090909091,
      "recall": 0.6923076923076923,
      "f1-score": 0.5142857142857142,
      "support": 13.0
    },
    "5": {
      "precision": 0.5714285714285714,
      "recall": 0.25,
      "f1-score": 0.34782608695652173,
      "support": 16.0
    },
    "accuracy": 0.5540540540540541,
    "macro avg": {
      "precision": 0.5950581444699091,
      "recall": 0.5635897435897436,
      "f1-score": 0.5520071624419451,
      "support": 74.0
    },
    "weighted avg": {
      "precision": 0.6073696308990427,
      "recall": 0.5540540540540541,
      "f1-score": 0.5540245634252685,
      "support": 74.0
    }
  }
}