{
  "overall": {
    "accuracy": 0.5135135135135135,
    "precision": 0.5800774036068154,
    "recall": 0.5135135135135135,
    "f1_score": 0.5226628616997354,
    "adjusted_accuracy": 0.9459459459459459,
    "adjusted_precision": 0.9498069498069499,
    "adjusted_recall": 0.9459459459459459,
    "adjusted_f1": 0.9462231462231462,
    "mae": 0.5405405405405406,
    "mse": 0.6486486486486487,
    "quadratic_kappa": 0.8095850755870055
  },
  "by_class": {
    "1": {
      "precision": 1.0,
      "recall": 0.6153846153846154,
      "f1-score": 0.7619047619047619,
      "support": 13.0
    },
    "2": {
      "precision": 0.7058823529411765,
      "recall": 0.6,
      "f1-score": 0.6486486486486487,
      "support": 20.0
    },
    "3": {
      "precision": 0.36363636363636365,
      "recall": 0.6666666666666666,
      "f1-score": 0.47058823529411764,
      "support": 12.0
    },
    "4": {
      "precision": 0.3333333333333333,
      "recall": 0.46153846153846156,
      "f1-score": 0.3870967741935484,
      "support": 13.0
    },
    "5": {
      "precision": 0.4444444444444444,
      "recall": 0.25,
      "f1-score": 0.32,
      "support": 16.0
    },
    "accuracy": 0.5135135135135135,
    "macro avg": {
      "precision": 0.5694592988710637,
      "recall": 0.5187179487179487,
      "f1-score": 0.5176476840082154,
      "support": 74.0
    },
    "weighted avg": {
      "precision": 0.5800774036068154,
      "recall": 0.5135135135135135,
      "f1-score": 0.5226628616997354,
      "support": 74.0
    }
  }
}