{
  "overall": {
    "accuracy": 0.527027027027027,
    "precision": 0.7046868296868296,
    "recall": 0.527027027027027,
    "f1_score": 0.5128923364217481,
    "adjusted_accuracy": 0.9594594594594594,
    "adjusted_precision": 0.9675675675675675,
    "adjusted_recall": 0.9594594594594594,
    "adjusted_f1": 0.959614787200994,
    "mae": 0.5135135135135135,
    "mse": 0.5945945945945946,
    "quadratic_kappa": 0.805146618791143
  },
  "by_class": {
    "1": {
      "precision": 1.0,
      "recall": 0.6153846153846154,
      "f1-score": 0.7619047619047619,
      "support": 13.0
    },
    "2": {
      "precision": 0.6875,
      "recall": 0.55,
      "f1-score": 0.6111111111111112,
      "support": 20.0
    },
    "3": {
      "precision": 0.37037037037037035,
      "recall": 0.8333333333333334,
      "f1-score": 0.5128205128205128,
      "support": 12.0
    },
    "4": {
      "precision": 0.38095238095238093,
      "recall": 0.6153846153846154,
      "f1-score": 0.47058823529411764,
      "support": 13.0
    },
    "5": {
      "precision": 1.0,
      "recall": 0.125,
      "f1-score": 0.2222222222222222,
      "support": 16.0
    },
    "accuracy": 0.527027027027027,
    "macro avg": {
      "precision": 0.6877645502645502,
      "recall": 0.5478205128205128,
      "f1-score": 0.5157293686705452,
      "support": 74.0
    },
    "weighted avg": {
      "precision": 0.7046868296868296,
      "recall": 0.527027027027027,
      "f1-score": 0.5128923364217481,
      "support": 74.0
    }
  }
}