{
  "overall": {
    "accuracy": 0.581081081081081,
    "precision": 0.6348455598455599,
    "recall": 0.581081081081081,
    "f1_score": 0.5876277615408051,
    "adjusted_accuracy": 0.9054054054054054,
    "adjusted_precision": 0.916060291060291,
    "adjusted_recall": 0.9054054054054054,
    "adjusted_f1": 0.9061308371653201,
    "mae": 0.527027027027027,
    "mse": 0.7702702702702703,
    "quadratic_kappa": 0.7798768395783321
  },
  "by_class": {
    "1": {
      "precision": 0.9,
      "recall": 0.6923076923076923,
      "f1-score": 0.782608695652174,
      "support": 13.0
    },
    "2": {
      "precision": 0.6875,
      "recall": 0.55,
      "f1-score": 0.6111111111111112,
      "support": 20.0
    },
    "3": {
      "precision": 0.375,
      "recall": 0.75,
      "f1-score": 0.5,
      "support": 12.0
    },
    "4": {
      "precision": 0.5714285714285714,
      "recall": 0.6153846153846154,
      "f1-score": 0.5925925925925926,
      "support": 13.0
    },
    "5": {
      "precision": 0.6,
      "recall": 0.375,
      "f1-score": 0.46153846153846156,
      "support": 16.0
    },
    "accuracy": 0.581081081081081,
    "macro avg": {
      "precision": 0.6267857142857143,
      "recall": 0.5965384615384616,
      "f1-score": 0.5895701721788679,
      "support": 74.0
    },
    "weighted avg": {
      "precision": 0.6348455598455599,
      "recall": 0.581081081081081,
      "f1-score": 0.5876277615408051,
      "support": 74.0
    }
  }
}