{
  "overall": {
    "accuracy": 0.5945945945945946,
    "precision": 0.6835718071012189,
    "recall": 0.5945945945945946,
    "f1_score": 0.6030758382109734,
    "adjusted_accuracy": 0.9594594594594594,
    "adjusted_precision": 0.9675675675675675,
    "adjusted_recall": 0.9594594594594594,
    "adjusted_f1": 0.959614787200994,
    "mae": 0.44594594594594594,
    "mse": 0.527027027027027,
    "quadratic_kappa": 0.8433734939759037
  },
  "by_class": {
    "1": {
      "precision": 1.0,
      "recall": 0.6923076923076923,
      "f1-score": 0.8181818181818182,
      "support": 13.0
    },
    "2": {
      "precision": 0.7333333333333333,
      "recall": 0.55,
      "f1-score": 0.6285714285714286,
      "support": 20.0
    },
    "3": {
      "precision": 0.4,
      "recall": 0.8333333333333334,
      "f1-score": 0.5405405405405406,
      "support": 12.0
    },
    "4": {
      "precision": 0.47058823529411764,
      "recall": 0.6153846153846154,
      "f1-score": 0.5333333333333333,
      "support": 13.0
    },
    "5": {
      "precision": 0.75,
      "recall": 0.375,
      "f1-score": 0.5,
      "support": 16.0
    },
    "accuracy": 0.5945945945945946,
    "macro avg": {
      "precision": 0.6707843137254902,
      "recall": 0.6132051282051283,
      "f1-score": 0.6041254241254241,
      "support": 74.0
    },
    "weighted avg": {
      "precision": 0.6835718071012189,
      "recall": 0.5945945945945946,
      "f1-score": 0.6030758382109734,
      "support": 74.0
    }
  }
}