{
  "overall": {
    "accuracy": 0.5675675675675675,
    "precision": 0.6769353281853281,
    "recall": 0.5675675675675675,
    "f1_score": 0.56679843707439,
    "adjusted_accuracy": 0.918918918918919,
    "adjusted_precision": 0.9459459459459459,
    "adjusted_recall": 0.918918918918919,
    "adjusted_f1": 0.9176715176715178,
    "mae": 0.5135135135135135,
    "mse": 0.6756756756756757,
    "quadratic_kappa": 0.7861024395883918
  },
  "by_class": {
    "1": {
      "precision": 1.0,
      "recall": 0.5384615384615384,
      "f1-score": 0.7,
      "support": 13.0
    },
    "2": {
      "precision": 0.7142857142857143,
      "recall": 0.75,
      "f1-score": 0.7317073170731707,
      "support": 20.0
    },
    "3": {
      "precision": 0.36,
      "recall": 0.75,
      "f1-score": 0.4864864864864865,
      "support": 12.0
    },
    "4": {
      "precision": 0.4375,
      "recall": 0.5384615384615384,
      "f1-score": 0.4827586206896552,
      "support": 13.0
    },
    "5": {
      "precision": 0.8,
      "recall": 0.25,
      "f1-score": 0.38095238095238093,
      "support": 16.0
    },
    "accuracy": 0.5675675675675675,
    "macro avg": {
      "precision": 0.6623571428571429,
      "recall": 0.5653846153846154,
      "f1-score": 0.5563809610403386,
      "support": 74.0
    },
    "weighted avg": {
      "precision": 0.6769353281853281,
      "recall": 0.5675675675675675,
      "f1-score": 0.56679843707439,
      "support": 74.0
    }
  }
}