{
  "overall": {
    "accuracy": 0.527027027027027,
    "precision": 0.6721527677410031,
    "recall": 0.527027027027027,
    "f1_score": 0.5220267838688891,
    "adjusted_accuracy": 0.9324324324324325,
    "adjusted_precision": 0.9523052464228935,
    "adjusted_recall": 0.9324324324324325,
    "adjusted_f1": 0.9320009664837251,
    "mae": 0.5405405405405406,
    "mse": 0.6756756756756757,
    "quadratic_kappa": 0.7895575019906722
  },
  "by_class": {
    "1": {
      "precision": 0.8181818181818182,
      "recall": 0.6923076923076923,
      "f1-score": 0.75,
      "support": 13.0
    },
    "2": {
      "precision": 0.6875,
      "recall": 0.55,
      "f1-score": 0.6111111111111112,
      "support": 20.0
    },
    "3": {
      "precision": 0.3333333333333333,
      "recall": 0.75,
      "f1-score": 0.46153846153846156,
      "support": 12.0
    },
    "4": {
      "precision": 0.4117647058823529,
      "recall": 0.5384615384615384,
      "f1-score": 0.4666666666666667,
      "support": 13.0
    },
    "5": {
      "precision": 1.0,
      "recall": 0.1875,
      "f1-score": 0.3157894736842105,
      "support": 16.0
    },
    "accuracy": 0.527027027027027,
    "macro avg": {
      "precision": 0.6501559714795009,
      "recall": 0.5436538461538462,
      "f1-score": 0.52102114260009,
      "support": 74.0
    },
    "weighted avg": {
      "precision": 0.6721527677410031,
      "recall": 0.527027027027027,
      "f1-score": 0.5220267838688891,
      "support": 74.0
    }
  }
}