{
  "overall": {
    "accuracy": 0.581081081081081,
    "precision": 0.7069429841741055,
    "recall": 0.581081081081081,
    "f1_score": 0.580129082989495,
    "adjusted_accuracy": 0.9324324324324325,
    "adjusted_precision": 0.9469111969111969,
    "adjusted_recall": 0.9324324324324325,
    "adjusted_f1": 0.9325094325094325,
    "mae": 0.4864864864864865,
    "mse": 0.6216216216216216,
    "quadratic_kappa": 0.8096835513809684
  },
  "by_class": {
    "1": {
      "precision": 0.9,
      "recall": 0.6923076923076923,
      "f1-score": 0.782608695652174,
      "support": 13.0
    },
    "2": {
      "precision": 0.7222222222222222,
      "recall": 0.65,
      "f1-score": 0.6842105263157895,
      "support": 20.0
    },
    "3": {
      "precision": 0.391304347826087,
      "recall": 0.75,
      "f1-score": 0.5142857142857142,
      "support": 12.0
    },
    "4": {
      "precision": 0.42105263157894735,
      "recall": 0.6153846153846154,
      "f1-score": 0.5,
      "support": 13.0
    },
    "5": {
      "precision": 1.0,
      "recall": 0.25,
      "f1-score": 0.4,
      "support": 16.0
    },
    "accuracy": 0.581081081081081,
    "macro avg": {
      "precision": 0.6869158403254513,
      "recall": 0.5915384615384616,
      "f1-score": 0.5762209872507355,
      "support": 74.0
    },
    "weighted avg": {
      "precision": 0.7069429841741055,
      "recall": 0.581081081081081,
      "f1-score": 0.580129082989495,
      "support": 74.0
    }
  }
}