{
  "overall": {
    "accuracy": 0.5675675675675675,
    "precision": 0.718097218097218,
    "recall": 0.5675675675675675,
    "f1_score": 0.5634619139263102,
    "adjusted_accuracy": 0.9594594594594594,
    "adjusted_precision": 0.9675675675675675,
    "adjusted_recall": 0.9594594594594594,
    "adjusted_f1": 0.959614787200994,
    "mae": 0.47297297297297297,
    "mse": 0.5540540540540541,
    "quadratic_kappa": 0.8239935027265344
  },
  "by_class": {
    "1": {
      "precision": 1.0,
      "recall": 0.6153846153846154,
      "f1-score": 0.7619047619047619,
      "support": 13.0
    },
    "2": {
      "precision": 0.6666666666666666,
      "recall": 0.5,
      "f1-score": 0.5714285714285714,
      "support": 20.0
    },
    "3": {
      "precision": 0.38461538461538464,
      "recall": 0.8333333333333334,
      "f1-score": 0.5263157894736842,
      "support": 12.0
    },
    "4": {
      "precision": 0.47619047619047616,
      "recall": 0.7692307692307693,
      "f1-score": 0.5882352941176471,
      "support": 13.0
    },
    "5": {
      "precision": 1.0,
      "recall": 0.25,
      "f1-score": 0.4,
      "support": 16.0
    },
    "accuracy": 0.5675675675675675,
    "macro avg": {
      "precision": 0.7054945054945054,
      "recall": 0.5935897435897436,
      "f1-score": 0.569576883384933,
      "support": 74.0
    },
    "weighted avg": {
      "precision": 0.718097218097218,
      "recall": 0.5675675675675675,
      "f1-score": 0.5634619139263102,
      "support": 74.0
    }
  }
}