{
  "overall": {
    "accuracy": 0.5675675675675675,
    "precision": 0.6874328109622228,
    "recall": 0.5675675675675675,
    "f1_score": 0.5707616707616708,
    "adjusted_accuracy": 0.9324324324324325,
    "adjusted_precision": 0.9523052464228935,
    "adjusted_recall": 0.9324324324324325,
    "adjusted_f1": 0.9320009664837251,
    "mae": 0.5,
    "mse": 0.6351351351351351,
    "quadratic_kappa": 0.801551979915554
  },
  "by_class": {
    "1": {
      "precision": 1.0,
      "recall": 0.6923076923076923,
      "f1-score": 0.8181818181818182,
      "support": 13.0
    },
    "2": {
      "precision": 0.7333333333333333,
      "recall": 0.55,
      "f1-score": 0.6285714285714286,
      "support": 20.0
    },
    "3": {
      "precision": 0.35714285714285715,
      "recall": 0.8333333333333334,
      "f1-score": 0.5,
      "support": 12.0
    },
    "4": {
      "precision": 0.47058823529411764,
      "recall": 0.6153846153846154,
      "f1-score": 0.5333333333333333,
      "support": 13.0
    },
    "5": {
      "precision": 0.8,
      "recall": 0.25,
      "f1-score": 0.38095238095238093,
      "support": 16.0
    },
    "accuracy": 0.5675675675675675,
    "macro avg": {
      "precision": 0.6722128851540617,
      "recall": 0.5882051282051283,
      "f1-score": 0.5722077922077922,
      "support": 74.0
    },
    "weighted avg": {
      "precision": 0.6874328109622228,
      "recall": 0.5675675675675675,
      "f1-score": 0.5707616707616708,
      "support": 74.0
    }
  }
}