{
  "overall": {
    "accuracy": 0.6486486486486487,
    "precision": 0.7105364763259501,
    "recall": 0.6486486486486487,
    "f1_score": 0.6407753970413818,
    "adjusted_accuracy": 0.9594594594594594,
    "adjusted_precision": 0.9606375606375606,
    "adjusted_recall": 0.9594594594594594,
    "adjusted_f1": 0.9596163905841326,
    "mae": 0.3918918918918919,
    "mse": 0.47297297297297297,
    "quadratic_kappa": 0.8615713522180652
  },
  "by_class": {
    "1": {
      "precision": 0.9,
      "recall": 0.6923076923076923,
      "f1-score": 0.782608695652174,
      "support": 13.0
    },
    "2": {
      "precision": 0.7368421052631579,
      "recall": 0.7,
      "f1-score": 0.717948717948718,
      "support": 20.0
    },
    "3": {
      "precision": 0.5,
      "recall": 0.75,
      "f1-score": 0.6,
      "support": 12.0
    },
    "4": {
      "precision": 0.5238095238095238,
      "recall": 0.8461538461538461,
      "f1-score": 0.6470588235294118,
      "support": 13.0
    },
    "5": {
      "precision": 0.8333333333333334,
      "recall": 0.3125,
      "f1-score": 0.45454545454545453,
      "support": 16.0
    },
    "accuracy": 0.6486486486486487,
    "macro avg": {
      "precision": 0.698796992481203,
      "recall": 0.6601923076923077,
      "f1-score": 0.6404323383351517,
      "support": 74.0
    },
    "weighted avg": {
      "precision": 0.7105364763259501,
      "recall": 0.6486486486486487,
      "f1-score": 0.6407753970413818,
      "support": 74.0
    }
  }
}