{
  "overall": {
    "accuracy": 0.5416666666666666,
    "precision": 0.6051306717973386,
    "recall": 0.5416666666666666,
    "f1_score": 0.5456330546847789,
    "adjusted_accuracy": 0.9583333333333334,
    "adjusted_precision": 0.9595441595441595,
    "adjusted_recall": 0.9583333333333334,
    "adjusted_f1": 0.958494623655914,
    "mae": 0.5,
    "mse": 0.5833333333333334,
    "quadratic_kappa": 0.8371216201658946
  },
  "by_class": {
    "1": {
      "precision": 0.9090909090909091,
      "recall": 0.7692307692307693,
      "f1-score": 0.8333333333333334,
      "support": 13.0
    },
    "2": {
      "precision": 0.7272727272727273,
      "recall": 0.4444444444444444,
      "f1-score": 0.5517241379310345,
      "support": 18.0
    },
    "3": {
      "precision": 0.38095238095238093,
      "recall": 0.6666666666666666,
      "f1-score": 0.48484848484848486,
      "support": 12.0
    },
    "4": {
      "precision": 0.4,
      "recall": 0.6153846153846154,
      "f1-score": 0.48484848484848486,
      "support": 13.0
    },
    "5": {
      "precision": 0.5555555555555556,
      "recall": 0.3125,
      "f1-score": 0.4,
      "support": 16.0
    },
    "accuracy": 0.5416666666666666,
    "macro avg": {
      "precision": 0.5945743145743145,
      "recall": 0.5616452991452991,
      "f1-score": 0.5509508881922675,
      "support": 72.0
    },
    "weighted avg": {
      "precision": 0.6051306717973386,
      "recall": 0.5416666666666666,
      "f1-score": 0.5456330546847789,
      "support": 72.0
    }
  }
}