{
  "overall": {
    "accuracy": 0.5405405405405406,
    "precision": 0.5922722661853097,
    "recall": 0.5405405405405406,
    "f1_score": 0.5513586665129315,
    "adjusted_accuracy": 0.9459459459459459,
    "adjusted_precision": 0.9546975546975549,
    "adjusted_recall": 0.9459459459459459,
    "adjusted_f1": 0.9459958023624969,
    "mae": 0.5135135135135135,
    "mse": 0.6216216216216216,
    "quadratic_kappa": 0.8270852382403738
  },
  "by_class": {
    "1": {
      "precision": 1.0,
      "recall": 0.6923076923076923,
      "f1-score": 0.8181818181818182,
      "support": 13.0
    },
    "2": {
      "precision": 0.7222222222222222,
      "recall": 0.65,
      "f1-score": 0.6842105263157895,
      "support": 20.0
    },
    "3": {
      "precision": 0.34782608695652173,
      "recall": 0.6666666666666666,
      "f1-score": 0.45714285714285713,
      "support": 12.0
    },
    "4": {
      "precision": 0.18181818181818182,
      "recall": 0.15384615384615385,
      "f1-score": 0.16666666666666666,
      "support": 13.0
    },
    "5": {
      "precision": 0.6153846153846154,
      "recall": 0.5,
      "f1-score": 0.5517241379310345,
      "support": 16.0
    },
    "accuracy": 0.5405405405405406,
    "macro avg": {
      "precision": 0.5734502212763082,
      "recall": 0.5325641025641026,
      "f1-score": 0.5355852012476332,
      "support": 74.0
    },
    "weighted avg": {
      "precision": 0.5922722661853097,
      "recall": 0.5405405405405406,
      "f1-score": 0.5513586665129315,
      "support": 74.0
    }
  }
}