{
  "overall": {
    "accuracy": 0.5675675675675675,
    "precision": 0.6468468468468469,
    "recall": 0.5675675675675675,
    "f1_score": 0.5724230724230724,
    "adjusted_accuracy": 0.918918918918919,
    "adjusted_precision": 0.9459459459459459,
    "adjusted_recall": 0.918918918918919,
    "adjusted_f1": 0.9176715176715178,
    "mae": 0.5135135135135135,
    "mse": 0.6756756756756757,
    "quadratic_kappa": 0.7948319840301652
  },
  "by_class": {
    "1": {
      "precision": 1.0,
      "recall": 0.6923076923076923,
      "f1-score": 0.8181818181818182,
      "support": 13.0
    },
    "2": {
      "precision": 0.75,
      "recall": 0.75,
      "f1-score": 0.75,
      "support": 20.0
    },
    "3": {
      "precision": 0.3333333333333333,
      "recall": 0.6666666666666666,
      "f1-score": 0.4444444444444444,
      "support": 12.0
    },
    "4": {
      "precision": 0.4,
      "recall": 0.46153846153846156,
      "f1-score": 0.42857142857142855,
      "support": 13.0
    },
    "5": {
      "precision": 0.6666666666666666,
      "recall": 0.25,
      "f1-score": 0.36363636363636365,
      "support": 16.0
    },
    "accuracy": 0.5675675675675675,
    "macro avg": {
      "precision": 0.63,
      "recall": 0.5641025641025641,
      "f1-score": 0.560966810966811,
      "support": 74.0
    },
    "weighted avg": {
      "precision": 0.6468468468468469,
      "recall": 0.5675675675675675,
      "f1-score": 0.5724230724230724,
      "support": 74.0
    }
  }
}