{
  "overall": {
    "accuracy": 0.5135135135135135,
    "precision": 0.6934684684684684,
    "recall": 0.5135135135135135,
    "f1_score": 0.5211575211575211,
    "adjusted_accuracy": 0.918918918918919,
    "adjusted_precision": 0.9459459459459459,
    "adjusted_recall": 0.918918918918919,
    "adjusted_f1": 0.9176715176715178,
    "mae": 0.5675675675675675,
    "mse": 0.7297297297297297,
    "quadratic_kappa": 0.7587247916918247
  },
  "by_class": {
    "1": {
      "precision": 1.0,
      "recall": 0.5384615384615384,
      "f1-score": 0.7,
      "support": 13.0
    },
    "2": {
      "precision": 0.625,
      "recall": 0.5,
      "f1-score": 0.5555555555555556,
      "support": 20.0
    },
    "3": {
      "precision": 0.3125,
      "recall": 0.8333333333333334,
      "f1-score": 0.45454545454545453,
      "support": 12.0
    },
    "4": {
      "precision": 0.4666666666666667,
      "recall": 0.5384615384615384,
      "f1-score": 0.5,
      "support": 13.0
    },
    "5": {
      "precision": 1.0,
      "recall": 0.25,
      "f1-score": 0.4,
      "support": 16.0
    },
    "accuracy": 0.5135135135135135,
    "macro avg": {
      "precision": 0.6808333333333334,
      "recall": 0.532051282051282,
      "f1-score": 0.522020202020202,
      "support": 74.0
    },
    "weighted avg": {
      "precision": 0.6934684684684684,
      "recall": 0.5135135135135135,
      "f1-score": 0.5211575211575211,
      "support": 74.0
    }
  }
}