{
  "overall": {
    "accuracy": 0.5540540540540541,
    "precision": 0.5959967848512739,
    "recall": 0.5540540540540541,
    "f1_score": 0.5660097676226709,
    "adjusted_accuracy": 0.8918918918918919,
    "adjusted_precision": 0.9205920205920206,
    "adjusted_recall": 0.8918918918918919,
    "adjusted_f1": 0.8983998283998283,
    "mae": 0.6081081081081081,
    "mse": 1.1216216216216217,
    "quadratic_kappa": 0.7502508437471496
  },
  "by_class": {
    "1": {
      "precision": 1.0,
      "recall": 0.8461538461538461,
      "f1-score": 0.9166666666666666,
      "support": 13.0
    },
    "2": {
      "precision": 0.7333333333333333,
      "recall": 0.55,
      "f1-score": 0.6285714285714286,
      "support": 20.0
    },
    "3": {
      "precision": 0.3684210526315789,
      "recall": 0.5833333333333334,
      "f1-score": 0.45161290322580644,
      "support": 12.0
    },
    "4": {
      "precision": 0.2727272727272727,
      "recall": 0.23076923076923078,
      "f1-score": 0.25,
      "support": 13.0
    },
    "5": {
      "precision": 0.5294117647058824,
      "recall": 0.5625,
      "f1-score": 0.5454545454545454,
      "support": 16.0
    },
    "7": {
      "precision": 0.0,
      "recall": 0.0,
      "f1-score": 0.0,
      "support": 0.0
    },
    "accuracy": 0.5540540540540541,
    "macro avg": {
      "precision": 0.48398223723301115,
      "recall": 0.4621260683760684,
      "f1-score": 0.46538425731974115,
      "support": 74.0
    },
    "weighted avg": {
      "precision": 0.5959967848512739,
      "recall": 0.5540540540540541,
      "f1-score": 0.5660097676226709,
      "support": 74.0
    }
  }
}