{
  "overall": {
    "accuracy": 0.5135135135135135,
    "precision": 0.4652043347695522,
    "recall": 0.5135135135135135,
    "f1_score": 0.47041910199804937,
    "adjusted_accuracy": 0.8783783783783784,
    "adjusted_precision": 0.8834834834834835,
    "adjusted_recall": 0.8783783783783784,
    "adjusted_f1": 0.878226647700332,
    "mae": 0.6756756756756757,
    "mse": 1.1891891891891893,
    "quadratic_kappa": 0.7030010033749886
  },
  "by_class": {
    "1": {
      "precision": 0.8888888888888888,
      "recall": 0.6153846153846154,
      "f1-score": 0.7272727272727273,
      "support": 13.0
    },
    "2": {
      "precision": 0.5,
      "recall": 0.45,
      "f1-score": 0.47368421052631576,
      "support": 20.0
    },
    "3": {
      "precision": 0.43478260869565216,
      "recall": 0.8333333333333334,
      "f1-score": 0.5714285714285714,
      "support": 12.0
    },
    "4": {
      "precision": 0.0,
      "recall": 0.0,
      "f1-score": 0.0,
      "support": 13.0
    },
    "5": {
      "precision": 0.4782608695652174,
      "recall": 0.6875,
      "f1-score": 0.5641025641025641,
      "support": 16.0
    },
    "accuracy": 0.5135135135135135,
    "macro avg": {
      "precision": 0.4603864734299517,
      "recall": 0.5172435897435897,
      "f1-score": 0.4672976146660357,
      "support": 74.0
    },
    "weighted avg": {
      "precision": 0.4652043347695522,
      "recall": 0.5135135135135135,
      "f1-score": 0.47041910199804937,
      "support": 74.0
    }
  }
}