{
  "overall": {
    "accuracy": 0.17567567567567569,
    "precision": 0.030861943024105186,
    "recall": 0.17567567567567569,
    "f1_score": 0.052500776638707676,
    "adjusted_accuracy": 0.44594594594594594,
    "adjusted_precision": 0.31256256256256254,
    "adjusted_recall": 0.44594594594594594,
    "adjusted_f1": 0.33844292053247277,
    "mae": 1.9864864864864864,
    "mse": 5.95945945945946,
    "quadratic_kappa": 0.0
  },
  "by_class": {
    "1": {
      "precision": 0.17567567567567569,
      "recall": 1.0,
      "f1-score": 0.2988505747126437,
      "support": 13.0
    },
    "2": {
      "precision": 0.0,
      "recall": 0.0,
      "f1-score": 0.0,
      "support": 20.0
    },
    "3": {
      "precision": 0.0,
      "recall": 0.0,
      "f1-score": 0.0,
      "support": 12.0
    },
    "4": {
      "precision": 0.0,
      "recall": 0.0,
      "f1-score": 0.0,
      "support": 13.0
    },
    "5": {
      "precision": 0.0,
      "recall": 0.0,
      "f1-score": 0.0,
      "support": 16.0
    },
    "accuracy": 0.17567567567567569,
    "macro avg": {
      "precision": 0.03513513513513514,
      "recall": 0.2,
      "f1-score": 0.05977011494252874,
      "support": 74.0
    },
    "weighted avg": {
      "precision": 0.030861943024105186,
      "recall": 0.17567567567567569,
      "f1-score": 0.052500776638707676,
      "support": 74.0
    }
  }
}