{
  "overall": {
    "accuracy": 0.581081081081081,
    "precision": 0.6037162162162163,
    "recall": 0.581081081081081,
    "f1_score": 0.5798750062424677,
    "adjusted_accuracy": 0.918918918918919,
    "adjusted_precision": 0.9206266706266706,
    "adjusted_recall": 0.918918918918919,
    "adjusted_f1": 0.9167137960241408,
    "mae": 0.5405405405405406,
    "mse": 0.8648648648648649,
    "quadratic_kappa": 0.7680932327881697
  },
  "by_class": {
    "1": {
      "precision": 0.875,
      "recall": 0.5384615384615384,
      "f1-score": 0.6666666666666666,
      "support": 13.0
    },
    "2": {
      "precision": 0.56,
      "recall": 0.7,
      "f1-score": 0.6222222222222222,
      "support": 20.0
    },
    "3": {
      "precision": 0.5,
      "recall": 0.6666666666666666,
      "f1-score": 0.5714285714285714,
      "support": 12.0
    },
    "4": {
      "precision": 0.5,
      "recall": 0.38461538461538464,
      "f1-score": 0.43478260869565216,
      "support": 13.0
    },
    "5": {
      "precision": 0.6,
      "recall": 0.5625,
      "f1-score": 0.5806451612903226,
      "support": 16.0
    },
    "accuracy": 0.581081081081081,
    "macro avg": {
      "precision": 0.607,
      "recall": 0.5704487179487179,
      "f1-score": 0.575149046060687,
      "support": 74.0
    },
    "weighted avg": {
      "precision": 0.6037162162162163,
      "recall": 0.581081081081081,
      "f1-score": 0.5798750062424677,
      "support": 74.0
    }
  }
}