{
  "overall": {
    "accuracy": 0.6486486486486487,
    "precision": 0.75,
    "recall": 0.6486486486486487,
    "f1_score": 0.6449289704867798,
    "adjusted_accuracy": 0.9594594594594594,
    "adjusted_precision": 0.9675675675675675,
    "adjusted_recall": 0.9594594594594594,
    "adjusted_f1": 0.959614787200994,
    "mae": 0.3918918918918919,
    "mse": 0.47297297297297297,
    "quadratic_kappa": 0.8557424529352791
  },
  "by_class": {
    "1": {
      "precision": 1.0,
      "recall": 0.6923076923076923,
      "f1-score": 0.8181818181818182,
      "support": 13.0
    },
    "2": {
      "precision": 0.7272727272727273,
      "recall": 0.8,
      "f1-score": 0.7619047619047619,
      "support": 20.0
    },
    "3": {
      "precision": 0.45454545454545453,
      "recall": 0.8333333333333334,
      "f1-score": 0.5882352941176471,
      "support": 12.0
    },
    "4": {
      "precision": 0.5,
      "recall": 0.6153846153846154,
      "f1-score": 0.5517241379310345,
      "support": 13.0
    },
    "5": {
      "precision": 1.0,
      "recall": 0.3125,
      "f1-score": 0.47619047619047616,
      "support": 16.0
    },
    "accuracy": 0.6486486486486487,
    "macro avg": {
      "precision": 0.7363636363636363,
      "recall": 0.6507051282051283,
      "f1-score": 0.6392472976651475,
      "support": 74.0
    },
    "weighted avg": {
      "precision": 0.75,
      "recall": 0.6486486486486487,
      "f1-score": 0.6449289704867798,
      "support": 74.0
    }
  }
}