{
  "overall": {
    "accuracy": 0.6621621621621622,
    "precision": 0.7638352638352639,
    "recall": 0.6621621621621622,
    "f1_score": 0.6639943260376697,
    "adjusted_accuracy": 0.9594594594594594,
    "adjusted_precision": 0.9675675675675675,
    "adjusted_recall": 0.9594594594594594,
    "adjusted_f1": 0.959614787200994,
    "mae": 0.3783783783783784,
    "mse": 0.4594594594594595,
    "quadratic_kappa": 0.8670330831835958
  },
  "by_class": {
    "1": {
      "precision": 1.0,
      "recall": 0.9230769230769231,
      "f1-score": 0.96,
      "support": 13.0
    },
    "2": {
      "precision": 0.8333333333333334,
      "recall": 0.75,
      "f1-score": 0.7894736842105263,
      "support": 20.0
    },
    "3": {
      "precision": 0.3888888888888889,
      "recall": 0.5833333333333334,
      "f1-score": 0.4666666666666667,
      "support": 12.0
    },
    "4": {
      "precision": 0.47619047619047616,
      "recall": 0.7692307692307693,
      "f1-score": 0.5882352941176471,
      "support": 13.0
    },
    "5": {
      "precision": 1.0,
      "recall": 0.3125,
      "f1-score": 0.47619047619047616,
      "support": 16.0
    },
    "accuracy": 0.6621621621621622,
    "macro avg": {
      "precision": 0.7396825396825397,
      "recall": 0.6676282051282051,
      "f1-score": 0.6561132242370633,
      "support": 74.0
    },
    "weighted avg": {
      "precision": 0.7638352638352639,
      "recall": 0.6621621621621622,
      "f1-score": 0.6639943260376697,
      "support": 74.0
    }
  }
}