{
  "overall": {
    "accuracy": 0.5,
    "precision": 0.5231825408295996,
    "recall": 0.5,
    "f1_score": 0.49767982267982264,
    "adjusted_accuracy": 0.8648648648648649,
    "adjusted_precision": 0.8726297726297726,
    "adjusted_recall": 0.8648648648648649,
    "adjusted_f1": 0.8657886921044816,
    "mae": 0.6351351351351351,
    "mse": 0.9054054054054054,
    "quadratic_kappa": 0.7509794073329985
  },
  "by_class": {
    "1": {
      "precision": 0.7272727272727273,
      "recall": 0.6153846153846154,
      "f1-score": 0.6666666666666666,
      "support": 13.0
    },
    "2": {
      "precision": 0.6,
      "recall": 0.45,
      "f1-score": 0.5142857142857142,
      "support": 20.0
    },
    "3": {
      "precision": 0.45,
      "recall": 0.75,
      "f1-score": 0.5625,
      "support": 12.0
    },
    "4": {
      "precision": 0.35294117647058826,
      "recall": 0.46153846153846156,
      "f1-score": 0.4,
      "support": 13.0
    },
    "5": {
      "precision": 0.45454545454545453,
      "recall": 0.3125,
      "f1-score": 0.37037037037037035,
      "support": 16.0
    },
    "accuracy": 0.5,
    "macro avg": {
      "precision": 0.5169518716577539,
      "recall": 0.5178846153846154,
      "f1-score": 0.5027645502645501,
      "support": 74.0
    },
    "weighted avg": {
      "precision": 0.5231825408295996,
      "recall": 0.5,
      "f1-score": 0.49767982267982264,
      "support": 74.0
    }
  }
}