{
  "overall": {
    "accuracy": 0.36486486486486486,
    "precision": 0.5398833483939867,
    "recall": 0.36486486486486486,
    "f1_score": 0.3193326138228274,
    "adjusted_accuracy": 0.8108108108108109,
    "adjusted_precision": 0.9028056628056629,
    "adjusted_recall": 0.8108108108108109,
    "adjusted_f1": 0.7682639792066293,
    "mae": 0.8378378378378378,
    "mse": 1.2702702702702702,
    "quadratic_kappa": 0.5281508614841948
  },
  "by_class": {
    "1": {
      "precision": 0.8571428571428571,
      "recall": 0.46153846153846156,
      "f1-score": 0.6,
      "support": 13.0
    },
    "2": {
      "precision": 0.5,
      "recall": 0.45,
      "f1-score": 0.47368421052631576,
      "support": 20.0
    },
    "3": {
      "precision": 0.23404255319148937,
      "recall": 0.9166666666666666,
      "f1-score": 0.3728813559322034,
      "support": 12.0
    },
    "4": {
      "precision": 0.0,
      "recall": 0.0,
      "f1-score": 0.0,
      "support": 13.0
    },
    "5": {
      "precision": 1.0,
      "recall": 0.0625,
      "f1-score": 0.11764705882352941,
      "support": 16.0
    },
    "accuracy": 0.36486486486486486,
    "macro avg": {
      "precision": 0.5182370820668692,
      "recall": 0.3781410256410257,
      "f1-score": 0.31284252505640975,
      "support": 74.0
    },
    "weighted avg": {
      "precision": 0.5398833483939867,
      "recall": 0.36486486486486486,
      "f1-score": 0.3193326138228274,
      "support": 74.0
    }
  }
}