{
  "overall": {
    "accuracy": 0.527027027027027,
    "precision": 0.5974610974610974,
    "recall": 0.527027027027027,
    "f1_score": 0.5272902772902772,
    "adjusted_accuracy": 0.8918918918918919,
    "adjusted_precision": 0.907185550935551,
    "adjusted_recall": 0.8918918918918919,
    "adjusted_f1": 0.8926041605445147,
    "mae": 0.581081081081081,
    "mse": 0.7972972972972973,
    "quadratic_kappa": 0.7722958172525295
  },
  "by_class": {
    "1": {
      "precision": 0.8181818181818182,
      "recall": 0.6923076923076923,
      "f1-score": 0.75,
      "support": 13.0
    },
    "2": {
      "precision": 0.5833333333333334,
      "recall": 0.35,
      "f1-score": 0.4375,
      "support": 20.0
    },
    "3": {
      "precision": 0.3333333333333333,
      "recall": 0.5833333333333334,
      "f1-score": 0.42424242424242425,
      "support": 12.0
    },
    "4": {
      "precision": 0.45454545454545453,
      "recall": 0.7692307692307693,
      "f1-score": 0.5714285714285714,
      "support": 13.0
    },
    "5": {
      "precision": 0.75,
      "recall": 0.375,
      "f1-score": 0.5,
      "support": 16.0
    },
    "accuracy": 0.527027027027027,
    "macro avg": {
      "precision": 0.5878787878787879,
      "recall": 0.553974358974359,
      "f1-score": 0.5366341991341992,
      "support": 74.0
    },
    "weighted avg": {
      "precision": 0.5974610974610974,
      "recall": 0.527027027027027,
      "f1-score": 0.5272902772902772,
      "support": 74.0
    }
  }
}