{
  "overall": {
    "accuracy": 0.44594594594594594,
    "precision": 0.5276727776727778,
    "recall": 0.44594594594594594,
    "f1_score": 0.4472641062114746,
    "adjusted_accuracy": 0.972972972972973,
    "adjusted_precision": 0.9768339768339768,
    "adjusted_recall": 0.972972972972973,
    "adjusted_f1": 0.9731115731115733,
    "mae": 0.581081081081081,
    "mse": 0.6351351351351351,
    "quadratic_kappa": 0.8082478773844967
  },
  "by_class": {
    "1": {
      "precision": 1.0,
      "recall": 0.38461538461538464,
      "f1-score": 0.5555555555555556,
      "support": 13.0
    },
    "2": {
      "precision": 0.55,
      "recall": 0.55,
      "f1-score": 0.55,
      "support": 20.0
    },
    "3": {
      "precision": 0.34615384615384615,
      "recall": 0.75,
      "f1-score": 0.47368421052631576,
      "support": 12.0
    },
    "4": {
      "precision": 0.16666666666666666,
      "recall": 0.15384615384615385,
      "f1-score": 0.16,
      "support": 13.0
    },
    "5": {
      "precision": 0.5454545454545454,
      "recall": 0.375,
      "f1-score": 0.4444444444444444,
      "support": 16.0
    },
    "accuracy": 0.44594594594594594,
    "macro avg": {
      "precision": 0.5216550116550116,
      "recall": 0.4426923076923077,
      "f1-score": 0.4367368421052632,
      "support": 74.0
    },
    "weighted avg": {
      "precision": 0.5276727776727778,
      "recall": 0.44594594594594594,
      "f1-score": 0.4472641062114746,
      "support": 74.0
    }
  }
}