{
  "overall": {
    "accuracy": 0.5,
    "precision": 0.5530421056736846,
    "recall": 0.5,
    "f1_score": 0.5057230693260105,
    "adjusted_accuracy": 0.8648648648648649,
    "adjusted_precision": 0.8845332727685667,
    "adjusted_recall": 0.8648648648648649,
    "adjusted_f1": 0.8646932646932647,
    "mae": 0.6486486486486487,
    "mse": 0.972972972972973,
    "quadratic_kappa": 0.7252191851469829
  },
  "by_class": {
    "1": {
      "precision": 0.9090909090909091,
      "recall": 0.7692307692307693,
      "f1-score": 0.8333333333333334,
      "support": 13.0
    },
    "2": {
      "precision": 0.5714285714285714,
      "recall": 0.4,
      "f1-score": 0.47058823529411764,
      "support": 20.0
    },
    "3": {
      "precision": 0.3333333333333333,
      "recall": 0.5833333333333334,
      "f1-score": 0.42424242424242425,
      "support": 12.0
    },
    "4": {
      "precision": 0.3684210526315789,
      "recall": 0.5384615384615384,
      "f1-score": 0.4375,
      "support": 13.0
    },
    "5": {
      "precision": 0.5555555555555556,
      "recall": 0.3125,
      "f1-score": 0.4,
      "support": 16.0
    },
    "accuracy": 0.5,
    "macro avg": {
      "precision": 0.5475658844079897,
      "recall": 0.5207051282051282,
      "f1-score": 0.5131327985739751,
      "support": 74.0
    },
    "weighted avg": {
      "precision": 0.5530421056736846,
      "recall": 0.5,
      "f1-score": 0.5057230693260105,
      "support": 74.0
    }
  }
}