{
  "overall": {
    "accuracy": 0.6486486486486487,
    "precision": 0.6975736240442123,
    "recall": 0.6486486486486487,
    "f1_score": 0.6416551806795708,
    "adjusted_accuracy": 0.9324324324324325,
    "adjusted_precision": 0.9442084942084942,
    "adjusted_recall": 0.9324324324324325,
    "adjusted_f1": 0.9325754325754326,
    "mae": 0.4189189189189189,
    "mse": 0.5540540540540541,
    "quadratic_kappa": 0.8414340963729486
  },
  "by_class": {
    "1": {
      "precision": 0.8333333333333334,
      "recall": 0.7692307692307693,
      "f1-score": 0.8,
      "support": 13.0
    },
    "2": {
      "precision": 0.7619047619047619,
      "recall": 0.8,
      "f1-score": 0.7804878048780488,
      "support": 20.0
    },
    "3": {
      "precision": 0.4444444444444444,
      "recall": 0.6666666666666666,
      "f1-score": 0.5333333333333333,
      "support": 12.0
    },
    "4": {
      "precision": 0.5294117647058824,
      "recall": 0.6923076923076923,
      "f1-score": 0.6,
      "support": 13.0
    },
    "5": {
      "precision": 0.8333333333333334,
      "recall": 0.3125,
      "f1-score": 0.45454545454545453,
      "support": 16.0
    },
    "accuracy": 0.6486486486486487,
    "macro avg": {
      "precision": 0.6804855275443511,
      "recall": 0.6481410256410257,
      "f1-score": 0.6336733185513673,
      "support": 74.0
    },
    "weighted avg": {
      "precision": 0.6975736240442123,
      "recall": 0.6486486486486487,
      "f1-score": 0.6416551806795708,
      "support": 74.0
    }
  }
}