{
  "overall": {
    "accuracy": 0.6351351351351351,
    "precision": 0.7445574865483332,
    "recall": 0.6351351351351351,
    "f1_score": 0.6220947655306245,
    "adjusted_accuracy": 0.9594594594594594,
    "adjusted_precision": 0.9675675675675675,
    "adjusted_recall": 0.9594594594594594,
    "adjusted_f1": 0.959614787200994,
    "mae": 0.40540540540540543,
    "mse": 0.4864864864864865,
    "quadratic_kappa": 0.8498139587326643
  },
  "by_class": {
    "1": {
      "precision": 1.0,
      "recall": 0.6153846153846154,
      "f1-score": 0.7619047619047619,
      "support": 13.0
    },
    "2": {
      "precision": 0.6956521739130435,
      "recall": 0.8,
      "f1-score": 0.7441860465116279,
      "support": 20.0
    },
    "3": {
      "precision": 0.47368421052631576,
      "recall": 0.75,
      "f1-score": 0.5806451612903226,
      "support": 12.0
    },
    "4": {
      "precision": 0.5,
      "recall": 0.7692307692307693,
      "f1-score": 0.6060606060606061,
      "support": 13.0
    },
    "5": {
      "precision": 1.0,
      "recall": 0.25,
      "f1-score": 0.4,
      "support": 16.0
    },
    "accuracy": 0.6351351351351351,
    "macro avg": {
      "precision": 0.7338672768878719,
      "recall": 0.6369230769230769,
      "f1-score": 0.6185593151534636,
      "support": 74.0
    },
    "weighted avg": {
      "precision": 0.7445574865483332,
      "recall": 0.6351351351351351,
      "f1-score": 0.6220947655306245,
      "support": 74.0
    }
  }
}