{
  "overall": {
    "accuracy": 0.5945945945945946,
    "precision": 0.633358195858196,
    "recall": 0.5945945945945946,
    "f1_score": 0.5972895972895973,
    "adjusted_accuracy": 0.9054054054054054,
    "adjusted_precision": 0.9132894132894133,
    "adjusted_recall": 0.9054054054054054,
    "adjusted_f1": 0.9044959244959245,
    "mae": 0.5405405405405406,
    "mse": 0.8918918918918919,
    "quadratic_kappa": 0.7516525983931659
  },
  "by_class": {
    "1": {
      "precision": 0.875,
      "recall": 0.5384615384615384,
      "f1-score": 0.6666666666666666,
      "support": 13.0
    },
    "2": {
      "precision": 0.5,
      "recall": 0.7,
      "f1-score": 0.5833333333333334,
      "support": 20.0
    },
    "3": {
      "precision": 0.5714285714285714,
      "recall": 0.6666666666666666,
      "f1-score": 0.6153846153846154,
      "support": 12.0
    },
    "4": {
      "precision": 0.5384615384615384,
      "recall": 0.5384615384615384,
      "f1-score": 0.5384615384615384,
      "support": 13.0
    },
    "5": {
      "precision": 0.7272727272727273,
      "recall": 0.5,
      "f1-score": 0.5925925925925926,
      "support": 16.0
    },
    "accuracy": 0.5945945945945946,
    "macro avg": {
      "precision": 0.6424325674325674,
      "recall": 0.5887179487179487,
      "f1-score": 0.5992877492877493,
      "support": 74.0
    },
    "weighted avg": {
      "precision": 0.633358195858196,
      "recall": 0.5945945945945946,
      "f1-score": 0.5972895972895973,
      "support": 74.0
    }
  }
}