{
  "overall": {
    "accuracy": 0.5540540540540541,
    "precision": 0.609984984984985,
    "recall": 0.5540540540540541,
    "f1_score": 0.5631995631995632,
    "adjusted_accuracy": 0.9054054054054054,
    "adjusted_precision": 0.9187580437580438,
    "adjusted_recall": 0.9054054054054054,
    "adjusted_f1": 0.9054824054824056,
    "mae": 0.5405405405405406,
    "mse": 0.7297297297297297,
    "quadratic_kappa": 0.7939568938847066
  },
  "by_class": {
    "1": {
      "precision": 0.8888888888888888,
      "recall": 0.6153846153846154,
      "f1-score": 0.7272727272727273,
      "support": 13.0
    },
    "2": {
      "precision": 0.6875,
      "recall": 0.55,
      "f1-score": 0.6111111111111112,
      "support": 20.0
    },
    "3": {
      "precision": 0.375,
      "recall": 0.75,
      "f1-score": 0.5,
      "support": 12.0
    },
    "4": {
      "precision": 0.46153846153846156,
      "recall": 0.46153846153846156,
      "f1-score": 0.46153846153846156,
      "support": 13.0
    },
    "5": {
      "precision": 0.5833333333333334,
      "recall": 0.4375,
      "f1-score": 0.5,
      "support": 16.0
    },
    "accuracy": 0.5540540540540541,
    "macro avg": {
      "precision": 0.5992521367521368,
      "recall": 0.5628846153846154,
      "f1-score": 0.55998445998446,
      "support": 74.0
    },
    "weighted avg": {
      "precision": 0.609984984984985,
      "recall": 0.5540540540540541,
      "f1-score": 0.5631995631995632,
      "support": 74.0
    }
  }
}