{
  "overall": {
    "accuracy": 0.5135135135135135,
    "precision": 0.5456241956241956,
    "recall": 0.5135135135135135,
    "f1_score": 0.5134862900641302,
    "adjusted_accuracy": 0.9324324324324325,
    "adjusted_precision": 0.9374220374220374,
    "adjusted_recall": 0.9324324324324325,
    "adjusted_f1": 0.9311898105001554,
    "mae": 0.581081081081081,
    "mse": 0.8243243243243243,
    "quadratic_kappa": 0.7749526373516802
  },
  "by_class": {
    "1": {
      "precision": 0.8571428571428571,
      "recall": 0.46153846153846156,
      "f1-score": 0.6,
      "support": 13.0
    },
    "2": {
      "precision": 0.5416666666666666,
      "recall": 0.65,
      "f1-score": 0.5909090909090909,
      "support": 20.0
    },
    "3": {
      "precision": 0.3888888888888889,
      "recall": 0.5833333333333334,
      "f1-score": 0.4666666666666667,
      "support": 12.0
    },
    "4": {
      "precision": 0.4,
      "recall": 0.3076923076923077,
      "f1-score": 0.34782608695652173,
      "support": 13.0
    },
    "5": {
      "precision": 0.5333333333333333,
      "recall": 0.5,
      "f1-score": 0.5161290322580645,
      "support": 16.0
    },
    "accuracy": 0.5135135135135135,
    "macro avg": {
      "precision": 0.5442063492063491,
      "recall": 0.5005128205128205,
      "f1-score": 0.5043061753580689,
      "support": 74.0
    },
    "weighted avg": {
      "precision": 0.5456241956241956,
      "recall": 0.5135135135135135,
      "f1-score": 0.5134862900641302,
      "support": 74.0
    }
  }
}