{
  "overall": {
    "accuracy": 0.3783783783783784,
    "precision": 0.5887416931175898,
    "recall": 0.3783783783783784,
    "f1_score": 0.3769000850873687,
    "adjusted_accuracy": 0.8648648648648649,
    "adjusted_precision": 0.9176319176319175,
    "adjusted_recall": 0.8648648648648649,
    "adjusted_f1": 0.8509018996823875,
    "mae": 0.7702702702702703,
    "mse": 1.0945945945945945,
    "quadratic_kappa": 0.6116366463651678
  },
  "by_class": {
    "1": {
      "precision": 0.8333333333333334,
      "recall": 0.38461538461538464,
      "f1-score": 0.5263157894736842,
      "support": 13.0
    },
    "2": {
      "precision": 0.4117647058823529,
      "recall": 0.35,
      "f1-score": 0.3783783783783784,
      "support": 20.0
    },
    "3": {
      "precision": 0.24390243902439024,
      "recall": 0.8333333333333334,
      "f1-score": 0.37735849056603776,
      "support": 12.0
    },
    "4": {
      "precision": 0.42857142857142855,
      "recall": 0.23076923076923078,
      "f1-score": 0.3,
      "support": 13.0
    },
    "5": {
      "precision": 1.0,
      "recall": 0.1875,
      "f1-score": 0.3157894736842105,
      "support": 16.0
    },
    "accuracy": 0.3783783783783784,
    "macro avg": {
      "precision": 0.583514381362301,
      "recall": 0.3972435897435898,
      "f1-score": 0.3795684264204621,
      "support": 74.0
    },
    "weighted avg": {
      "precision": 0.5887416931175898,
      "recall": 0.3783783783783784,
      "f1-score": 0.3769000850873687,
      "support": 74.0
    }
  }
}