{
  "overall": {
    "accuracy": 0.47297297297297297,
    "precision": 0.6681408681408681,
    "recall": 0.47297297297297297,
    "f1_score": 0.4538384292220609,
    "adjusted_accuracy": 0.8783783783783784,
    "adjusted_precision": 0.9305019305019305,
    "adjusted_recall": 0.8783783783783784,
    "adjusted_f1": 0.8711676102980451,
    "mae": 0.6486486486486487,
    "mse": 0.8918918918918919,
    "quadratic_kappa": 0.6991499322409758
  },
  "by_class": {
    "1": {
      "precision": 0.9,
      "recall": 0.6923076923076923,
      "f1-score": 0.782608695652174,
      "support": 13.0
    },
    "2": {
      "precision": 0.625,
      "recall": 0.5,
      "f1-score": 0.5555555555555556,
      "support": 20.0
    },
    "3": {
      "precision": 0.2777777777777778,
      "recall": 0.8333333333333334,
      "f1-score": 0.4166666666666667,
      "support": 12.0
    },
    "4": {
      "precision": 0.45454545454545453,
      "recall": 0.38461538461538464,
      "f1-score": 0.4166666666666667,
      "support": 13.0
    },
    "5": {
      "precision": 1.0,
      "recall": 0.0625,
      "f1-score": 0.11764705882352941,
      "support": 16.0
    },
    "accuracy": 0.47297297297297297,
    "macro avg": {
      "precision": 0.6514646464646464,
      "recall": 0.494551282051282,
      "f1-score": 0.4578289286729185,
      "support": 74.0
    },
    "weighted avg": {
      "precision": 0.6681408681408681,
      "recall": 0.47297297297297297,
      "f1-score": 0.4538384292220609,
      "support": 74.0
    }
  }
}