{
  "overall": {
    "accuracy": 0.33783783783783783,
    "precision": 0.5450745351566145,
    "recall": 0.33783783783783783,
    "f1_score": 0.3105672692569187,
    "adjusted_accuracy": 0.8648648648648649,
    "adjusted_precision": 0.9176319176319175,
    "adjusted_recall": 0.8648648648648649,
    "adjusted_f1": 0.8509018996823875,
    "mae": 0.8108108108108109,
    "mse": 1.135135135135135,
    "quadratic_kappa": 0.5869767441860465
  },
  "by_class": {
    "1": {
      "precision": 0.8571428571428571,
      "recall": 0.46153846153846156,
      "f1-score": 0.6,
      "support": 13.0
    },
    "2": {
      "precision": 0.4117647058823529,
      "recall": 0.35,
      "f1-score": 0.3783783783783784,
      "support": 20.0
    },
    "3": {
      "precision": 0.23255813953488372,
      "recall": 0.8333333333333334,
      "f1-score": 0.36363636363636365,
      "support": 12.0
    },
    "4": {
      "precision": 0.16666666666666666,
      "recall": 0.07692307692307693,
      "f1-score": 0.10526315789473684,
      "support": 13.0
    },
    "5": {
      "precision": 1.0,
      "recall": 0.0625,
      "f1-score": 0.11764705882352941,
      "support": 16.0
    },
    "accuracy": 0.33783783783783783,
    "macro avg": {
      "precision": 0.533626473845352,
      "recall": 0.35685897435897435,
      "f1-score": 0.3129849917466016,
      "support": 74.0
    },
    "weighted avg": {
      "precision": 0.5450745351566145,
      "recall": 0.33783783783783783,
      "f1-score": 0.3105672692569187,
      "support": 74.0
    }
  }
}