{
  "overall": {
    "accuracy": 0.651685393258427,
    "precision": 0.7353956904518704,
    "recall": 0.651685393258427,
    "f1_score": 0.6324121874683672,
    "adjusted_accuracy": 0.9887640449438202,
    "adjusted_precision": 0.9891045284303711,
    "adjusted_recall": 0.9887640449438202,
    "adjusted_f1": 0.9885547923395351,
    "mae": 0.3595505617977528,
    "mse": 0.38202247191011235,
    "quadratic_kappa": 0.8281658148779103
  },
  "by_class": {
    "1": {
      "precision": 1.0,
      "recall": 0.6666666666666666,
      "f1-score": 0.8,
      "support": 12.0
    },
    "2": {
      "precision": 0.7333333333333333,
      "recall": 0.44,
      "f1-score": 0.55,
      "support": 25.0
    },
    "3": {
      "precision": 0.6428571428571429,
      "recall": 0.84375,
      "f1-score": 0.7297297297297297,
      "support": 32.0
    },
    "4": {
      "precision": 0.45454545454545453,
      "recall": 1.0,
      "f1-score": 0.625,
      "support": 10.0
    },
    "5": {
      "precision": 1.0,
      "recall": 0.2,
      "f1-score": 0.3333333333333333,
      "support": 10.0
    },
    "accuracy": 0.651685393258427,
    "macro avg": {
      "precision": 0.7661471861471861,
      "recall": 0.6300833333333333,
      "f1-score": 0.6076126126126127,
      "support": 89.0
    },
    "weighted avg": {
      "precision": 0.7353956904518704,
      "recall": 0.651685393258427,
      "f1-score": 0.6324121874683672,
      "support": 89.0
    }
  }
}