{
  "overall": {
    "accuracy": 0.8426966292134831,
    "precision": 0.8543807420211915,
    "recall": 0.8426966292134831,
    "f1_score": 0.8447651529578781,
    "adjusted_accuracy": 0.9775280898876404,
    "adjusted_precision": 0.9789816924648387,
    "adjusted_recall": 0.9775280898876404,
    "adjusted_f1": 0.9775209117749207,
    "mae": 0.1797752808988764,
    "mse": 0.2247191011235955,
    "quadratic_kappa": 0.9211342490031015
  },
  "by_class": {
    "1": {
      "precision": 0.9230769230769231,
      "recall": 1.0,
      "f1-score": 0.96,
      "support": 12.0
    },
    "2": {
      "precision": 0.88,
      "recall": 0.88,
      "f1-score": 0.88,
      "support": 25.0
    },
    "3": {
      "precision": 0.9259259259259259,
      "recall": 0.78125,
      "f1-score": 0.847457627118644,
      "support": 32.0
    },
    "4": {
      "precision": 0.5833333333333334,
      "recall": 0.7,
      "f1-score": 0.6363636363636364,
      "support": 10.0
    },
    "5": {
      "precision": 0.75,
      "recall": 0.9,
      "f1-score": 0.8181818181818182,
      "support": 10.0
    },
    "accuracy": 0.8426966292134831,
    "macro avg": {
      "precision": 0.8124672364672365,
      "recall": 0.8522500000000001,
      "f1-score": 0.8284006163328197,
      "support": 89.0
    },
    "weighted avg": {
      "precision": 0.8543807420211915,
      "recall": 0.8426966292134831,
      "f1-score": 0.8447651529578781,
      "support": 89.0
    }
  }
}