{
  "overall": {
    "accuracy": 0.797752808988764,
    "precision": 0.8348218572937673,
    "recall": 0.797752808988764,
    "f1_score": 0.8007304770720508,
    "adjusted_accuracy": 1.0,
    "adjusted_precision": 1.0,
    "adjusted_recall": 1.0,
    "adjusted_f1": 1.0,
    "mae": 0.20224719101123595,
    "mse": 0.20224719101123595,
    "quadratic_kappa": 0.924419701830534
  },
  "by_class": {
    "1": {
      "precision": 0.9230769230769231,
      "recall": 1.0,
      "f1-score": 0.96,
      "support": 12.0
    },
    "2": {
      "precision": 1.0,
      "recall": 0.64,
      "f1-score": 0.7804878048780488,
      "support": 25.0
    },
    "3": {
      "precision": 0.75,
      "recall": 0.84375,
      "f1-score": 0.7941176470588235,
      "support": 32.0
    },
    "4": {
      "precision": 0.5333333333333333,
      "recall": 0.8,
      "f1-score": 0.64,
      "support": 10.0
    },
    "5": {
      "precision": 0.8888888888888888,
      "recall": 0.8,
      "f1-score": 0.8421052631578947,
      "support": 10.0
    },
    "accuracy": 0.797752808988764,
    "macro avg": {
      "precision": 0.8190598290598292,
      "recall": 0.8167500000000001,
      "f1-score": 0.8033421430189535,
      "support": 89.0
    },
    "weighted avg": {
      "precision": 0.8348218572937673,
      "recall": 0.797752808988764,
      "f1-score": 0.8007304770720508,
      "support": 89.0
    }
  }
}