{
  "overall": {
    "accuracy": 0.28708133971291866,
    "precision": 0.24729239238104986,
    "recall": 0.28708133971291866,
    "f1_score": 0.25113503765077716,
    "adjusted_accuracy": 0.645933014354067,
    "adjusted_precision": 0.74775774042867,
    "adjusted_recall": 0.645933014354067,
    "adjusted_f1": 0.5845436114165596,
    "mae": 1.2870813397129186,
    "mse": 2.9043062200956937,
    "quadratic_kappa": 0.11741952539637279
  },
  "by_class": {
    "1": {
      "precision": 0.18181818181818182,
      "recall": 0.16666666666666666,
      "f1-score": 0.17391304347826086,
      "support": 36.0
    },
    "2": {
      "precision": 0.2773109243697479,
      "recall": 0.55,
      "f1-score": 0.3687150837988827,
      "support": 60.0
    },
    "3": {
      "precision": 0.09090909090909091,
      "recall": 0.09090909090909091,
      "f1-score": 0.09090909090909091,
      "support": 33.0
    },
    "4": {
      "precision": 0.75,
      "recall": 0.5294117647058824,
      "f1-score": 0.6206896551724138,
      "support": 34.0
    },
    "5": {
      "precision": 0.0,
      "recall": 0.0,
      "f1-score": 0.0,
      "support": 46.0
    },
    "accuracy": 0.28708133971291866,
    "macro avg": {
      "precision": 0.26000763941940414,
      "recall": 0.267397504456328,
      "f1-score": 0.2508453746717297,
      "support": 209.0
    },
    "weighted avg": {
      "precision": 0.24729239238104986,
      "recall": 0.28708133971291866,
      "f1-score": 0.25113503765077716,
      "support": 209.0
    }
  }
}