{
  "overall": {
    "accuracy": 0.5842696629213483,
    "precision": 0.5790602655771196,
    "recall": 0.5842696629213483,
    "f1_score": 0.5381415031271316,
    "adjusted_accuracy": 0.9550561797752809,
    "adjusted_precision": 0.9601233751927738,
    "adjusted_recall": 0.9550561797752809,
    "adjusted_f1": 0.9554100060071573,
    "mae": 0.4606741573033708,
    "mse": 0.550561797752809,
    "quadratic_kappa": 0.7236200012675075
  },
  "by_class": {
    "1": {
      "precision": 1.0,
      "recall": 0.3333333333333333,
      "f1-score": 0.5,
      "support": 12.0
    },
    "2": {
      "precision": 0.6111111111111112,
      "recall": 0.44,
      "f1-score": 0.5116279069767442,
      "support": 25.0
    },
    "3": {
      "precision": 0.6444444444444445,
      "recall": 0.90625,
      "f1-score": 0.7532467532467533,
      "support": 32.0
    },
    "4": {
      "precision": 0.36363636363636365,
      "recall": 0.8,
      "f1-score": 0.5,
      "support": 10.0
    },
    "5": {
      "precision": 0.0,
      "recall": 0.0,
      "f1-score": 0.0,
      "support": 10.0
    },
    "accuracy": 0.5842696629213483,
    "macro avg": {
      "precision": 0.5238383838383839,
      "recall": 0.4959166666666667,
      "f1-score": 0.4529749320446995,
      "support": 89.0
    },
    "weighted avg": {
      "precision": 0.5790602655771196,
      "recall": 0.5842696629213483,
      "f1-score": 0.5381415031271316,
      "support": 89.0
    }
  }
}