{
  "overall": {
    "accuracy": 0.7865168539325843,
    "precision": 0.7986040177051413,
    "recall": 0.7865168539325843,
    "f1_score": 0.7883240355150467,
    "adjusted_accuracy": 1.0,
    "adjusted_precision": 1.0,
    "adjusted_recall": 1.0,
    "adjusted_f1": 1.0,
    "mae": 0.21348314606741572,
    "mse": 0.21348314606741572,
    "quadratic_kappa": 0.9232584524619923
  },
  "by_class": {
    "1": {
      "precision": 0.9166666666666666,
      "recall": 0.9166666666666666,
      "f1-score": 0.9166666666666666,
      "support": 12.0
    },
    "2": {
      "precision": 0.9,
      "recall": 0.72,
      "f1-score": 0.8,
      "support": 25.0
    },
    "3": {
      "precision": 0.7575757575757576,
      "recall": 0.78125,
      "f1-score": 0.7692307692307693,
      "support": 32.0
    },
    "4": {
      "precision": 0.5,
      "recall": 0.6,
      "f1-score": 0.5454545454545454,
      "support": 10.0
    },
    "5": {
      "precision": 0.8333333333333334,
      "recall": 1.0,
      "f1-score": 0.9090909090909091,
      "support": 10.0
    },
    "accuracy": 0.7865168539325843,
    "macro avg": {
      "precision": 0.7815151515151515,
      "recall": 0.8035833333333333,
      "f1-score": 0.7880885780885781,
      "support": 89.0
    },
    "weighted avg": {
      "precision": 0.7986040177051413,
      "recall": 0.7865168539325843,
      "f1-score": 0.7883240355150467,
      "support": 89.0
    }
  }
}