{
  "overall": {
    "accuracy": 0.7640449438202247,
    "precision": 0.7825821904793655,
    "recall": 0.7640449438202247,
    "f1_score": 0.7633208630375216,
    "adjusted_accuracy": 1.0,
    "adjusted_precision": 1.0,
    "adjusted_recall": 1.0,
    "adjusted_f1": 1.0,
    "mae": 0.23595505617977527,
    "mse": 0.23595505617977527,
    "quadratic_kappa": 0.9168187280252793
  },
  "by_class": {
    "1": {
      "precision": 0.8461538461538461,
      "recall": 0.9166666666666666,
      "f1-score": 0.88,
      "support": 12.0
    },
    "2": {
      "precision": 0.7241379310344828,
      "recall": 0.84,
      "f1-score": 0.7777777777777778,
      "support": 25.0
    },
    "3": {
      "precision": 0.8695652173913043,
      "recall": 0.625,
      "f1-score": 0.7272727272727273,
      "support": 32.0
    },
    "4": {
      "precision": 0.5384615384615384,
      "recall": 0.7,
      "f1-score": 0.6086956521739131,
      "support": 10.0
    },
    "5": {
      "precision": 0.8181818181818182,
      "recall": 0.9,
      "f1-score": 0.8571428571428571,
      "support": 10.0
    },
    "accuracy": 0.7640449438202247,
    "macro avg": {
      "precision": 0.759300070244598,
      "recall": 0.7963333333333333,
      "f1-score": 0.770177802873455,
      "support": 89.0
    },
    "weighted avg": {
      "precision": 0.7825821904793655,
      "recall": 0.7640449438202247,
      "f1-score": 0.7633208630375216,
      "support": 89.0
    }
  }
}