{
  "overall": {
    "accuracy": 0.7640449438202247,
    "precision": 0.7709017574186113,
    "recall": 0.7640449438202247,
    "f1_score": 0.7664668909509172,
    "adjusted_accuracy": 1.0,
    "adjusted_precision": 1.0,
    "adjusted_recall": 1.0,
    "adjusted_f1": 1.0,
    "mae": 0.23595505617977527,
    "mse": 0.23595505617977527,
    "quadratic_kappa": 0.913691987993535
  },
  "by_class": {
    "1": {
      "precision": 0.9230769230769231,
      "recall": 1.0,
      "f1-score": 0.96,
      "support": 12.0
    },
    "2": {
      "precision": 0.8333333333333334,
      "recall": 0.8,
      "f1-score": 0.8163265306122449,
      "support": 25.0
    },
    "3": {
      "precision": 0.7666666666666667,
      "recall": 0.71875,
      "f1-score": 0.7419354838709677,
      "support": 32.0
    },
    "4": {
      "precision": 0.4166666666666667,
      "recall": 0.5,
      "f1-score": 0.45454545454545453,
      "support": 10.0
    },
    "5": {
      "precision": 0.8,
      "recall": 0.8,
      "f1-score": 0.8,
      "support": 10.0
    },
    "accuracy": 0.7640449438202247,
    "macro avg": {
      "precision": 0.747948717948718,
      "recall": 0.7637499999999999,
      "f1-score": 0.7545614938057336,
      "support": 89.0
    },
    "weighted avg": {
      "precision": 0.7709017574186113,
      "recall": 0.7640449438202247,
      "f1-score": 0.7664668909509172,
      "support": 89.0
    }
  }
}