{
  "overall": {
    "accuracy": 0.8089887640449438,
    "precision": 0.8326065320447342,
    "recall": 0.8089887640449438,
    "f1_score": 0.8087817115959182,
    "adjusted_accuracy": 0.9887640449438202,
    "adjusted_precision": 0.9897854954034729,
    "adjusted_recall": 0.9887640449438202,
    "adjusted_f1": 0.988916915080639,
    "mae": 0.20224719101123595,
    "mse": 0.2247191011235955,
    "quadratic_kappa": 0.9091558640400123
  },
  "by_class": {
    "1": {
      "precision": 1.0,
      "recall": 0.5833333333333334,
      "f1-score": 0.7368421052631579,
      "support": 12.0
    },
    "2": {
      "precision": 0.7692307692307693,
      "recall": 0.8,
      "f1-score": 0.7843137254901961,
      "support": 25.0
    },
    "3": {
      "precision": 0.8787878787878788,
      "recall": 0.90625,
      "f1-score": 0.8923076923076924,
      "support": 32.0
    },
    "4": {
      "precision": 0.6,
      "recall": 0.9,
      "f1-score": 0.72,
      "support": 10.0
    },
    "5": {
      "precision": 0.875,
      "recall": 0.7,
      "f1-score": 0.7777777777777778,
      "support": 10.0
    },
    "accuracy": 0.8089887640449438,
    "macro avg": {
      "precision": 0.8246037296037297,
      "recall": 0.7779166666666667,
      "f1-score": 0.7822482601677647,
      "support": 89.0
    },
    "weighted avg": {
      "precision": 0.8326065320447342,
      "recall": 0.8089887640449438,
      "f1-score": 0.8087817115959182,
      "support": 89.0
    }
  }
}