{
  "overall": {
    "accuracy": 0.7078651685393258,
    "precision": 0.7161816959569769,
    "recall": 0.7078651685393258,
    "f1_score": 0.708003567902705,
    "adjusted_accuracy": 1.0,
    "adjusted_precision": 1.0,
    "adjusted_recall": 1.0,
    "adjusted_f1": 1.0,
    "mae": 0.29213483146067415,
    "mse": 0.29213483146067415,
    "quadratic_kappa": 0.8943861250570516
  },
  "by_class": {
    "1": {
      "precision": 0.7333333333333333,
      "recall": 0.9166666666666666,
      "f1-score": 0.8148148148148148,
      "support": 12.0
    },
    "2": {
      "precision": 0.6666666666666666,
      "recall": 0.64,
      "f1-score": 0.6530612244897959,
      "support": 25.0
    },
    "3": {
      "precision": 0.75,
      "recall": 0.65625,
      "f1-score": 0.7,
      "support": 32.0
    },
    "4": {
      "precision": 0.5384615384615384,
      "recall": 0.7,
      "f1-score": 0.6086956521739131,
      "support": 10.0
    },
    "5": {
      "precision": 0.8888888888888888,
      "recall": 0.8,
      "f1-score": 0.8421052631578947,
      "support": 10.0
    },
    "accuracy": 0.7078651685393258,
    "macro avg": {
      "precision": 0.7154700854700854,
      "recall": 0.7425833333333334,
      "f1-score": 0.7237353909272837,
      "support": 89.0
    },
    "weighted avg": {
      "precision": 0.7161816959569769,
      "recall": 0.7078651685393258,
      "f1-score": 0.708003567902705,
      "support": 89.0
    }
  }
}