{
  "overall": {
    "accuracy": 0.8202247191011236,
    "precision": 0.8229795304369426,
    "recall": 0.8202247191011236,
    "f1_score": 0.8210736579275905,
    "adjusted_accuracy": 1.0,
    "adjusted_precision": 1.0,
    "adjusted_recall": 1.0,
    "adjusted_f1": 1.0,
    "mae": 0.1797752808988764,
    "mse": 0.1797752808988764,
    "quadratic_kappa": 0.933853586027499
  },
  "by_class": {
    "1": {
      "precision": 0.9230769230769231,
      "recall": 1.0,
      "f1-score": 0.96,
      "support": 12.0
    },
    "2": {
      "precision": 0.875,
      "recall": 0.84,
      "f1-score": 0.8571428571428571,
      "support": 25.0
    },
    "3": {
      "precision": 0.8387096774193549,
      "recall": 0.8125,
      "f1-score": 0.8253968253968254,
      "support": 32.0
    },
    "4": {
      "precision": 0.5454545454545454,
      "recall": 0.6,
      "f1-score": 0.5714285714285714,
      "support": 10.0
    },
    "5": {
      "precision": 0.8,
      "recall": 0.8,
      "f1-score": 0.8,
      "support": 10.0
    },
    "accuracy": 0.8202247191011236,
    "macro avg": {
      "precision": 0.7964482291901647,
      "recall": 0.8105,
      "f1-score": 0.8027936507936507,
      "support": 89.0
    },
    "weighted avg": {
      "precision": 0.8229795304369426,
      "recall": 0.8202247191011236,
      "f1-score": 0.8210736579275905,
      "support": 89.0
    }
  }
}