{
  "overall": {
    "accuracy": 0.5017543859649123,
    "precision": 0.6048650596381048,
    "recall": 0.5017543859649123,
    "f1_score": 0.5012305673502551,
    "adjusted_accuracy": 0.9543859649122807,
    "adjusted_precision": 0.9781992170508916,
    "adjusted_recall": 0.9543859649122807,
    "adjusted_f1": 0.9624568930439709,
    "mae": 0.5513157894736842,
    "mse": 0.6723684210526316,
    "quadratic_kappa": 0.2890755810263945
  },
  "by_class": {
    "1.0": {
      "precision": 0.3770491803278688,
      "recall": 0.27380952380952384,
      "f1-score": 0.31724137931034485,
      "support": 84.0
    },
    "2.0": {
      "precision": 0.7211328976034859,
      "recall": 0.29981884057971014,
      "f1-score": 0.4235444657709533,
      "support": 1104.0
    },
    "3.0": {
      "precision": 0.515748031496063,
      "recall": 0.7359550561797753,
      "f1-score": 0.6064814814814815,
      "support": 1068.0
    },
    "4.0": {
      "precision": 0.0196078431372549,
      "recall": 0.16666666666666666,
      "f1-score": 0.03508771929824561,
      "support": 24.0
    },
    "5.0": {
      "precision": 0.0,
      "recall": 0.0,
      "f1-score": 0.0,
      "support": 0.0
    },
    "accuracy": 0.5017543859649123,
    "macro avg": {
      "precision": 0.3267075905129345,
      "recall": 0.2952500174471352,
      "f1-score": 0.276471009172205,
      "support": 2280.0
    },
    "weighted avg": {
      "precision": 0.6048650596381048,
      "recall": 0.5017543859649123,
      "f1-score": 0.5012305673502551,
      "support": 2280.0
    }
  }
}