{
  "overall": {
    "accuracy": 0.518859649122807,
    "precision": 0.6249519349842836,
    "recall": 0.518859649122807,
    "f1_score": 0.5349522802381864,
    "adjusted_accuracy": 0.9311403508771929,
    "adjusted_precision": 0.9776652925574412,
    "adjusted_recall": 0.9311403508771929,
    "adjusted_f1": 0.9487498689139028,
    "mae": 0.5530701754385965,
    "mse": 0.7030701754385965,
    "quadratic_kappa": 0.25968507994535817
  },
  "by_class": {
    "1.0": {
      "precision": 0.7142857142857143,
      "recall": 0.17857142857142858,
      "f1-score": 0.2857142857142857,
      "support": 84.0
    },
    "2.0": {
      "precision": 0.7110726643598616,
      "recall": 0.37228260869565216,
      "f1-score": 0.4887039239001189,
      "support": 1104.0
    },
    "3.0": {
      "precision": 0.5427749820273184,
      "recall": 0.7069288389513109,
      "f1-score": 0.6140707604717365,
      "support": 1068.0
    },
    "4.0": {
      "precision": 0.0076045627376425855,
      "recall": 0.08333333333333333,
      "f1-score": 0.013937282229965157,
      "support": 24.0
    },
    "5.0": {
      "precision": 0.0,
      "recall": 0.0,
      "f1-score": 0.0,
      "support": 0.0
    },
    "accuracy": 0.518859649122807,
    "macro avg": {
      "precision": 0.3951475846821074,
      "recall": 0.26822324191034497,
      "f1-score": 0.28048525046322126,
      "support": 2280.0
    },
    "weighted avg": {
      "precision": 0.6249519349842836,
      "recall": 0.518859649122807,
      "f1-score": 0.5349522802381864,
      "support": 2280.0
    }
  }
}