{
  "overall": {
    "accuracy": 0.587280701754386,
    "precision": 0.5903551118661999,
    "recall": 0.587280701754386,
    "f1_score": 0.5876793962422684,
    "adjusted_accuracy": 0.9736842105263158,
    "adjusted_precision": 0.9928967183942434,
    "adjusted_recall": 0.9736842105263158,
    "adjusted_f1": 0.9829222634012782,
    "mae": 0.4407894736842105,
    "mse": 0.500438596491228,
    "quadratic_kappa": 0.34354200858764183
  },
  "by_class": {
    "1.0": {
      "precision": 0.24,
      "recall": 0.14285714285714285,
      "f1-score": 0.1791044776119403,
      "support": 84.0
    },
    "2.0": {
      "precision": 0.6059322033898306,
      "recall": 0.6476449275362319,
      "f1-score": 0.6260945709281961,
      "support": 1104.0
    },
    "3.0": {
      "precision": 0.6150753768844222,
      "recall": 0.5730337078651685,
      "f1-score": 0.5933107125545323,
      "support": 1068.0
    },
    "4.0": {
      "precision": 0.0,
      "recall": 0.0,
      "f1-score": 0.0,
      "support": 24.0
    },
    "5.0": {
      "precision": 0.0,
      "recall": 0.0,
      "f1-score": 0.0,
      "support": 0.0
    },
    "accuracy": 0.587280701754386,
    "macro avg": {
      "precision": 0.2922015160548505,
      "recall": 0.2727071556517086,
      "f1-score": 0.27970195221893374,
      "support": 2280.0
    },
    "weighted avg": {
      "precision": 0.5903551118661999,
      "recall": 0.587280701754386,
      "f1-score": 0.5876793962422684,
      "support": 2280.0
    }
  }
}